,,,,,,,,,,,,,,,,,131,203,
N°,OFICINAS REGIONALES/U.O.,DEPARTAMENTO,PROVINCIA,DISTRITO,CENTRO DE ATENCIÓN,CODIGO SIO DNI NUM,SIGLA TIPO DE LOCAL,"ESTADO
Operativo: Atiente de lunes a viernes
Deplazamiento: Atiende de acuerdo a la programación de RENIEC",HORARIO DE ATENCIÓN AL PUBLICO, ¿Este Centro de Atención toma fotografía? , ¿Este Centro de Atención entrega DNI Electrónico? , TRAMITE DE DNI MAYOR , ENTREGAS DE DNI , INSCRIPCION DE REGISTROS CIVILES , CERTIFICACION DE REGISTROS CIVILES , CERTIFICACION DEL RUIPN , EREP , ENTREGAS DE DNI WEB ,NOMBRE DE LA VIA
1,01.- PIURA,LAMBAYEQUE,CHICLAYO,CHICLAYO,ORA HOSPITAL REGIONAL DOCENTE LAS MERCEDES (MINSA),53,ORA,OPERATIVO,08:45 a 16:30,SI,SI,NO,SI,SI,NO,NO,NO,NO,Luis Gonzáles  Nº 635
2,01.- PIURA,LAMBAYEQUE,CHICLAYO,CHICLAYO,ORA HOSPITAL ALMANZOR AGUINAGA ASENJO (ESSALUD),88,ORA,OPERATIVO,08:45 a 16:30,SI,SI,NO,SI,SI,NO,NO,NO,NO,Plaza de la Seguridad Social S/N
3,01.- PIURA,PIURA,SULLANA,SULLANA,ORA HOSPITAL DE APOYO II-SULLANA (MINSA),112,ORA,OPERATIVO,08:45 a 16:30,SI,SI,NO,SI,SI,NO,NO,NO,NO,Santa Rosa S/N
4,01.- PIURA,CAJAMARCA,CUTERVO,CUTERVO,PAP CUTERVO,155,PAP,OPERATIVO,08:45 a 16:45,SI,SI,SI,SI,NO,SI,SI,SI,SI,Jr. Comercio N° 1103 Mz. 203 Lt. 14-Urb. Los Jardines 
5,01.- PIURA,CAJAMARCA,CHOTA,CHOTA,AG CHOTA,156,AG,OPERATIVO,08:45 a 16:45,SI,SI,SI,SI,NO,SI,SI,SI,SI,Jr. 30 de Agosto N° 848
6,01.- PIURA,CAJAMARCA,SANTA CRUZ,SANTA CRUZ,PAP SANTA CRUZ,159,PAP,OPERATIVO,08:45 a 16:30,NO,NO,SI,SI,NO,SI,SI,NO,NO,Domingo Negrón Nº 399
7,01.- PIURA,LAMBAYEQUE,CHICLAYO,JOSE LEONARDO ORTIZ,OR JOSÉ LEONARDO ORTIZ,179,OR,OPERATIVO,08:45 a 16:45,SI,SI,SI,SI,SI,SI,SI,SI,SI,Cacique Cinto Nº 317 Urb. Latina
8,01.- PIURA,PIURA,AYABACA,FRÍAS,OR FRIAS,214,OR,OPERATIVO,08:45 a 16:45,SI,NO,SI,SI,SI,SI,SI,NO,NO,Lima Nº 235 - 2do piso
9,01.- PIURA,LAMBAYEQUE,CHICLAYO,CHICLAYO,OR CHICLAYO,351,OR,OPERATIVO,08:45 a 16:45,SI,SI,SI,SI,SI,SI,SI,SI,SI,Balta N° 680 y esquina con Av. Elias Aguirre
10,01.- PIURA,LAMBAYEQUE,FERREÑAFE,FERREÑAFE,PAP FERREÑAFE,352,PAP,OPERATIVO,08:45 a 16:45,NO,NO,SI,SI,NO,SI,SI,NO,NO,Tres Marías Nº 717 – B
11,01.- PIURA,LAMBAYEQUE,LAMBAYEQUE,LAMBAYEQUE,PAP LAMBAYEQUE,353,PAP,OPERATIVO,08:45 a 16:45,SI,SI,SI,SI,NO,SI,SI,SI,SI,Huamachuco N° 342
12,01.- PIURA,CAJAMARCA,CUTERVO,CUTERVO,ORA SANTA MARIA DE CUTERVO (MINSA),473,ORA,OPERATIVO,08:45 a 16:30,SI,SI,NO,SI,SI,NO,NO,NO,NO,Ica S/N
13,01.- PIURA,CAJAMARCA,CHOTA,CHOTA,ORA HOSPITAL DE APOYO CHOTA - JOSE SOTO CADENILLAS (MINSA),474,ORA,OPERATIVO,08:45 a 16:30,SI,SI,NO,SI,SI,NO,NO,NO,NO,Ezequiel Montoya Nª 718
14,01.- PIURA,PIURA,PIURA,PIURA,OR PIURA,521,OR,OPERATIVO,08:45 a 16:45,SI,SI,SI,SI,SI,SI,SI,SI,SI,Libertad Nº 568
15,01.- PIURA,PIURA,AYABACA,AYABACA,PAP AYABACA,522,PAP,OPERATIVO,08:45 a 16:45,NO,NO,SI,SI,NO,NO,NO,NO,NO,Bolognesi N° 181
16,01.- PIURA,PIURA,HUANCABAMBA,HUANCABAMBA,PAP HUANCABAMBA,523,PAP,OPERATIVO,08:45 a 16:30,NO,NO,SI,SI,NO,NO,NO,NO,NO,Complejo Terminal Terrestre S/N - Stand 14
17,01.- PIURA,PIURA,MORROPON,CHULUCANAS,AG CHULUCANAS,524,AG,OPERATIVO,08:45 a 16:45,SI,SI,SI,SI,NO,SI,SI,SI,SI,Cuzco N° 202
18,01.- PIURA,PIURA,PAITA,PAITA,PAP PAITA,525,PAP,OPERATIVO,08:45 a 16:30,SI,NO,SI,SI,NO,SI,SI,NO,SI,San Martin S/N Plaza de Armas - Municipalidad de Paita
19,01.- PIURA,PIURA,SULLANA,SULLANA,OR SULLANA,526,OR,OPERATIVO,08:45 a 16:45,SI,SI,SI,SI,SI,SI,SI,SI,SI,Leoncio Prado Nº 517 
20,01.- PIURA,PIURA,TALARA,PARIÑAS,AG TALARA,527,AG,OPERATIVO,08:45 a 16:45,SI,SI,SI,SI,NO,SI,SI,SI,SI,Mártires Petroleros B-3 Conjunto Habitacional - Talara
21,01.- PIURA,PIURA,SECHURA,SECHURA,PAP SECHURA,528,PAP,OPERATIVO,08:45 a 16:30,SI,NO,SI,SI,NO,SI,SI,NO,NO,Dos de Mayo Nº 618 - Plaza de Armas - Municipalidad de Sechura
22,01.- PIURA,PIURA,PIURA,TAMBO GRANDE,PAP TAMBOGRANDE,531,PAP,OPERATIVO,08:45 a 16:30,SI,NO,SI,SI,NO,SI,SI,NO,NO,Piura 375
23,01.- PIURA,PIURA,PIURA,PIURA,MAC - PIURA,576,MAC,OPERATIVO,08:30 a 16:30,SI,SI,SI,SI,NO,SI,SI,SI,NO,Sanchez Cerro con Wiesse Centro Comercial Real Plaza
24,01.- PIURA,PIURA,PAITA,PAITA,ORA HOSPITAL LAS MERCEDES-PAITA (MINSA),611,ORA,OPERATIVO,08:45 a 16:30,SI,SI,NO,SI,SI,NO,NO,NO,NO,Zona Industrial Sector II Mz. H Lt. 1 Jr. Los Pescadores S/N 
25,01.- PIURA,TUMBES,TUMBES,TUMBES,OR TUMBES,641,OR,OPERATIVO,08:45 a 16:45,SI,SI,SI,SI,SI,SI,SI,SI,SI,Tumbes Norte  Nº 550
26,01.- PIURA,TUMBES,CONTRALMIRANTE VILLAR,ZORRITOS,PANP CONTRALMIRANTE VILLAR - ZORRITOS,642,PANP,DESPLAZAMIENTO,08:45 a 16:45,NO,NO,SI,SI,NO,NO,NO,NO,NO,Grau Nº 305
27,01.- PIURA,TUMBES,ZARUMILLA,ZARUMILLA,PAP ZARUMILLA,643,PAP,OPERATIVO,08:45 a 16:30,NO,NO,SI,SI,NO,SI,SI,NO,NO,El Ejérrcito Nº 105 - Interior Biblioteca Municipal
28,01.- PIURA,LAMBAYEQUE,LAMBAYEQUE,OLMOS,PANP OLMOS,719,PANP,DESPLAZAMIENTO,08:45 a 16:45,NO,NO,SI,SI,NO,NO,NO,NO,NO,A. B. Leguía/Calle Alfonso Ugarte
29,01.- PIURA,PIURA,PIURA,TAMBO GRANDE,ORA TAMBO GRANDE (MINSA),721,ORA,OPERATIVO,08:45 a 16:30,SI,SI,NO,SI,SI,NO,NO,NO,NO,"Froilan Alama,, AA.HH.Froilan Alama"
30,01.- PIURA,LAMBAYEQUE,LAMBAYEQUE,LAMBAYEQUE,ORA HOSPITAL PROVINCIAL DOCENTE BELEN-LAMBAYEQUE (MINSA),731,ORA,OPERATIVO,08:45 a 16:30,SI,SI,NO,SI,SI,NO,NO,NO,NO,Ramón Castilla Nº 597
31,01.- PIURA,TUMBES,TUMBES,TUMBES,ORA HOSPITAL REGIONAL JOSE ALFREDO MENDOZA OLAVARRIA JAMO II-2 (MINSA),732,ORA,OPERATIVO,08:45 a 16:00,SI,SI,NO,SI,SI,NO,NO,NO,NO,24 de Julio Nº 565 
32,01.- PIURA,PIURA,PIURA,CATACAOS,ORA CENTRO DE SALUD MATERNO INFANTIL-CATACAOS (MINSA),609,ORA,OPERATIVO,08:45 a 16:30,SI,SI,NO,SI,SI,NO,NO,NO,NO,Cayetano Heredia 1108 - Catacos
33,01.- PIURA,PIURA,PIURA,Veintises de Octubre,ORA HOSPITAL DE LA AMISTAD PERU - COREA SANTA ROSA II-2 (MINSA),87,ORA,OPERATIVO,08:45 a 16:30,SI,SI,NO,SI,SI,NO,NO,NO,NO,Prolongación Av. Grau/Av. Chulucanas 
34,01.- PIURA,LAMBAYEQUE,CHICLAYO,CHICLAYO,ORA HOSPITAL REGIONAL LAMBAYEQUE (MINSA),760,ORA,OPERATIVO,08:45 a 16:30,SI,SI,NO,SI,SI,NO,NO,NO,NO,Intersección de Carretera Panamerica Norte y Vía de Evitamiento S/N
35,01.- PIURA,PIURA,MORROPON,CHULUCANAS,ORA HOSPITAL DE APOYO CHULUCANAS (MINSA),610,ORA,OPERATIVO,08:45 a 16:30,SI,SI,NO,SI,SI,NO,NO,NO,NO,Daniel alcides carrion S/N Asent .H. vate manrique
36,02.- TRUJILLO,LA LIBERTAD,TRUJILLO,TRUJILLO,ORA REGIONAL DOCENTE DE TRUJILLO (MINSA),45,ORA,OPERATIVO,08:45 a 13.00          14:00 a 16:30,SI,NO,NO,SI,SI,NO,NO,NO,NO,Mansiche Nº 795
37,02.- TRUJILLO,CAJAMARCA,CAJAMARCA,CAJAMARCA,ORA REGIONAL CAJAMARCA (MINSA),86,ORA,OPERATIVO,08:45 a 16:30,SI,NO,NO,NO,SI,NO,NO,NO,NO,Larry Jhonson S/N Cdra. 8
38,02.- TRUJILLO,LA LIBERTAD,TRUJILLO,TRUJILLO,ORA HOSPITAL BELEN DE TRUJILLO (MINSA),139,ORA,OPERATIVO,08:45 a 16:30,SI,NO,NO,SI,SI,NO,NO,NO,NO,Bolívar Nº 350
39,02.- TRUJILLO,CAJAMARCA,CAJAMARCA,CAJAMARCA,OR CAJAMARCA,151,OR,OPERATIVO,08:45 a 16:45,SI,SI,SI,SI,SI,SI,SI,SI,SI,Del Comercio Nº 633
40,02.- TRUJILLO,CAJAMARCA,CAJABAMBA,CAJABAMBA,PAP CAJABAMBA,152,PAP,OPERATIVO,08:45 a 16:45,NO,NO,SI,SI,NO,SI,SI,NO,SI,Miguel Grau Nº 224-226-228 Mz. 31 Lt. 2 
41,02.- TRUJILLO,CAJAMARCA,CELENDIN,CELENDÍN,PAP CELENDIN,153,PAP,OPERATIVO,08:45 a 16:45,SI,NO,SI,SI,NO,SI,SI,NO,SI,Pardo N° 610
42,02.- TRUJILLO,CAJAMARCA,CONTUMAZA,CONTUMAZÁ,PAP CONTUMAZA,154,PAP,OPERATIVO,08:45 a 13.00          14:00 a 16:30,NO,NO,SI,SI,NO,SI,SI,NO,NO,Miguel Grau Nº 212
43,02.- TRUJILLO,CAJAMARCA,HUALGAYOC,BAMBAMARCA,PAP HUALGAYOC,157,PAP,OPERATIVO,08:45 a 16:45,SI,NO,SI,SI,NO,SI,SI,NO,SI,07 de Junio Nº 470
44,02.- TRUJILLO,CAJAMARCA,SAN MIGUEL,SAN MIGUEL,PAP SAN MIGUEL,160,PAP,OPERATIVO,08:45 a 13.00          14:00 a 16:45,NO,NO,SI,SI,NO,NO,NO,NO,NO,Bolognesi N° 364
45,02.- TRUJILLO,CAJAMARCA,SAN MARCOS,PEDRO GÁLVEZ,PAP SAN MARCOS,162,PAP,OPERATIVO,08:45 a 16:45,NO,NO,SI,SI,NO,SI,SI,NO,NO,Jr. Alfonso Ugarte N° 325 (Mz. 46 Lt. 17 Centro Poblado San Marcos).
46,02.- TRUJILLO,CAJAMARCA,SAN PABLO,SAN PABLO,PAP SAN PABLO,163,PAP,OPERATIVO,08:45 a 13.00          14:00 a 16:30,NO,NO,SI,SI,NO,SI,SI,NO,NO,Plaza de Armas S/N
47,02.- TRUJILLO,LA LIBERTAD,TRUJILLO,VICTOR LARCO HERRERA,OR TRUJILLO II,173,OR,OPERATIVO,08:45 a 16:45,SI,SI,SI,SI,SI,SI,SI,SI,SI,Víctor Larco N° 1096. Urb. Vista Alegre
48,02.- TRUJILLO,LA LIBERTAD,PATAZ,PARCOY,OR PARCOY,293,OR,OPERATIVO,08:45 a 13.00          14:00 a 16:30,SI,NO,SI,SI,SI,SI,SI,NO,NO,San Martín N° 859
49,02.- TRUJILLO,LA LIBERTAD,TRUJILLO,TRUJILLO,OR TRUJILLO ,310,OR,OPERATIVO,08:45 a 16:45,SI,SI,SI,SI,SI,SI,SI,SI,SI,Pablo Casals Mz. A Lt. 6 Urb. Los Cedros
50,02.- TRUJILLO,LA LIBERTAD,BOLIVAR,BOLÍVAR,PAP BOLIVAR,311,PAP,OPERATIVO,08:45 a 13.00          14:00 a 16:30,NO,NO,SI,SI,NO,SI,SI,NO,SI,Bolivar S/N - Mz. 20 Lt. 8
51,02.- TRUJILLO,LA LIBERTAD,SANCHEZ CARRION,HUAMACHUCO,AG SANCHEZ CARRION,312,AG,OPERATIVO,08:45 a 16:45,SI,SI,SI,SI,NO,SI,SI,SI,SI,Alfonso Ugarte N° 567
52,02.- TRUJILLO,LA LIBERTAD,OTUZCO,OTUZCO,AG OTUZCO,313,AG,OPERATIVO,08:45 a 16:45,SI,SI,SI,SI,NO,SI,SI,SI,SI,Pasaje Elías Armas Castillo Lt. 5-E1 Mz. 28
53,02.- TRUJILLO,LA LIBERTAD,PACASMAYO,SAN PEDRO DE LLOC,AG PACASMAYO,314,AG,OPERATIVO,08:45 a 16:45,SI,SI,SI,SI,NO,SI,SI,SI,SI,Alianza Nº 524
54,02.- TRUJILLO,LA LIBERTAD,PATAZ,TAYABAMBA,PAP PATAZ,315,PAP,OPERATIVO,08:45 a 13.00          14:00 a 16:30,NO,NO,SI,SI,NO,NO,NO,NO,NO,Sucre 337 1er Piso Centro Civico
55,02.- TRUJILLO,LA LIBERTAD,SANTIAGO DE CHUCO,SANTIAGO DE CHUCO,PAP SANTIAGO DE CHUCO,316,PAP,OPERATIVO,08:45 a 13.00          14:00 a 16:30,NO,NO,SI,SI,NO,SI,SI,NO,NO,Luis de La Puente Uceda  Nº 1120
56,02.- TRUJILLO,LA LIBERTAD,ASCOPE,ASCOPE,PAP ASCOPE,317,PAP,OPERATIVO,08:45 a 16:45,NO,NO,SI,SI,NO,SI,SI,NO,SI,"Miguel Grau N° 879, Ascope - 1er Piso"
57,02.- TRUJILLO,LA LIBERTAD,CHEPEN,CHEPÉN,PAP CHEPEN,318,PAP,OPERATIVO,08:45 a 16:45,NO,NO,SI,SI,NO,SI,SI,NO,SI,Calle Manuel Seoane  N° 136. Chepen
58,02.- TRUJILLO,LA LIBERTAD,JULCAN,JULCÁN,PAP JULCAN,319,PAP,OPERATIVO,08:45 a 13.00          14:00 a 16:30,NO,NO,SI,SI,NO,NO,NO,NO,NO,28 de Julio Nº 201 Centro Civico - Julcán
59,02.- TRUJILLO,LA LIBERTAD,GRAN CHIMU,CASCAS,PAP GRAN CHIMU,320,PAP,OPERATIVO,08:45 a 13.00          14:00 a 16:30,NO,NO,SI,SI,NO,SI,SI,NO,NO,Progreso S/N Cdra. 3
60,02.- TRUJILLO,LA LIBERTAD,VIRU,VIRU,PAP VIRU,321,PAP,OPERATIVO,08:45 a 16:45,SI,NO,SI,SI,NO,SI,SI,NO,SI, Mz. A Lt. N° 08 Urb. Las Palmeras
61,02.- TRUJILLO,CAJAMARCA,HUALGAYOC,BAMBAMARCA,ORA BAMBAMARCA - TITO VILLAR CABEZAS (MINSA),358,ORA,OPERATIVO,08:45 a 16:30,SI,NO,NO,SI,SI,NO,NO,NO,NO,El Frutillo. Bambamarca
62,02.- TRUJILLO,CAJAMARCA,CELENDIN,CELENDÍN,ORA DE APOYO CELENDIN (MINSA),359,ORA,OPERATIVO,08:45 a 16:30,SI,NO,NO,SI,SI,NO,NO,NO,NO,Túpac Amaru Cdra. 4
63,02.- TRUJILLO,CAJAMARCA,CAJABAMBA,CAJABAMBA,ORA HOSPITAL NUESTRA SEÑORA DEL ROSARIO (MINSA),360,ORA,OPERATIVO,08:45 a 16:30,SI,NO,NO,SI,SI,NO,NO,NO,NO,La Torre N° 277
64,02.- TRUJILLO,CAJAMARCA,SAN MARCOS,PEDRO GÁLVEZ,ORA SAN MARCOS (MINSA),361,ORA,OPERATIVO,08:45 a 16:30,SI,NO,NO,SI,SI,NO,NO,NO,NO,Av. 28 de Julio S/N Cdra.2
65,02.- TRUJILLO,LA LIBERTAD,TRUJILLO,EL PORVENIR,OR EL PORVENIR,508,OR,OPERATIVO,08:45 a 16:45,SI,SI,SI,SI,SI,SI,SI,SI,SI,Gabriel Aguilar Nº 1657. 2do piso.
66,02.- TRUJILLO,LA LIBERTAD,TRUJILLO,ALTO TRUJILLO,OR ALTO TRUJILLO,569,OR,OPERATIVO,08:45 a 16:45,SI,SI,SI,SI,SI,SI,SI,SI,SI,Barrio 3 Mz T Lt. 2
67,02.- TRUJILLO,CAJAMARCA,CAJAMARCA,CAJAMARCA,ORA SIMON BOLIVAR (MINSA),592,ORA,OPERATIVO,08:45 a 16:30,SI,NO,NO,SI,SI,NO,NO,NO,NO,Mario Urteaga N° 500
68,02.- TRUJILLO,LA LIBERTAD,PACASMAYO,GUADALUPE,ORA DE APOYO TOMÁS LAFORA (MINSA),593,ORA,OPERATIVO,08:45 a 13.00          14:00 a 16:30,SI,NO,NO,SI,SI,NO,NO,NO,NO,La Victoria S/N
69,02.- TRUJILLO,CAJAMARCA,CAJAMARCA,LOS BAÑOS DEL INCA,ORA BAÑOS DEL INCA (MINSA),602,ORA,OPERATIVO,08:45 a 16:30,SI,NO,NO,SI,SI,NO,NO,NO,NO,Pachacútec N° 489
70,02.- TRUJILLO,LA LIBERTAD,TRUJILLO,LA ESPERANZA,ORA DISTRITAL JERUSALEN (MINSA),604,ORA,OPERATIVO,08:45 a 13.00          14:00 a 16:30,SI,NO,NO,SI,SI,NO,NO,NO,NO,1 Barrio 3 Mz. 20 Lt. 02 Sector Jerusalén
71,02.- TRUJILLO,LA LIBERTAD,PATAZ,CHILLIA,AG CHILLIA,605,AG,OPERATIVO,08:45 a 13.00          14:00 a 16:30,SI,NO,SI,SI,NO,SI,SI,NO,NO,Miraflores S/N
72,02.- TRUJILLO,LA LIBERTAD,SANTIAGO DE CHUCO,SANTIAGO DE CHUCO,ORA DE APOYO CESAR ABRAHAM VALLEJO MENDOZA (MINSA),613,ORA,OPERATIVO,08:45 a 13.00          14:00 a 16:30,SI,NO,NO,SI,SI,NO,NO,NO,NO,Gustavo Pinillo S/N - Barrio San Cristobal
73,02.- TRUJILLO,LA LIBERTAD,CHEPEN,CHEPEN,ORA DE APOYO CHEPEN (MINSA),614,ORA,DESPLAZAMIENTO,"08:45 a 13:00
14:00 a 16:30",SI,NO,NO,SI,SI,NO,NO,NO,NO,28 de Julio S/N
74,02.- TRUJILLO,LA LIBERTAD,SANCHEZ CARRION,HUAMACHUCO,ORA DE APOYO LEONCIO PRADO (MINSA),615,ORA,OPERATIVO,08:45 a 16:30,SI,NO,NO,SI,SI,NO,NO,NO,NO,10 de Julio N° 209
75,02.- TRUJILLO,LA LIBERTAD,OTUZCO,OTUZCO,ORA DE APOYO OTUZCO ELPIDIO BEROVIDES PEREZ (MINSA),616,ORA,OPERATIVO,08:45 a 13.00          14:00 a 16:30,SI,NO,NO,SI,SI,NO,NO,NO,NO,Progreso N° 385
76,02.- TRUJILLO,LA LIBERTAD,ASCOPE,PAIJAN,ORA PAIJAN (MINSA),617,ORA,DESPLAZAMIENTO,"08:45 a 13:00
14:00 a 16:30",SI,NO,NO,SI,SI,NO,NO,NO,NO,Vía Panamericana S/N Sector Manco Capac
77,02.- TRUJILLO,CAJAMARCA,CAJAMARCA,CAJAMARCA,MAC - CAJAMARCA,795,MAC,OPERATIVO,"08:30 a 13:00
14:00 a 16:30",SI,SI,SI,SI,NO,SI,SI,SI,SI,Via De Evitamiento. Jr. El Mutuy y Av. La Cantuta - Cajamarca - Centro Comercial Real Plaza 2do. Piso
78,02.- TRUJILLO,LA LIBERTAD,TRUJILLO,TRUJILLO,MAC - LA LIBERTAD,822,MAC,OPERATIVO,"08:30 a 13:00
14:00 a 16:30",SI,SI,SI,SI,NO,SI,SI,SI,SI,"Centro Comercial Real Plaza de Trujillo -Fundo Las Casuarinas, Sub Lote predio A; Intersección , Av. Fátima 1345, Trujillo, La Libertad"
79,02.- TRUJILLO,LA LIBERTAD,VIRU,VIRU,ORA PROVINCIAL DE VIRÚ (MINSA),594,ORA,OPERATIVO,08:45 a 13.00          14:00 a 16:30,SI,NO,NO,SI,SI,NO,NO,NO,NO,Sucre Nº 799
80,02.- TRUJILLO,LA LIBERTAD,TRUJILLO,TRUJILLO,ORA HOSPITAL VÍCTOR LAZARTE ECHEGARAY (ESSALUD),46,ORA,OPERATIVO,08:45 a 13.00          14:00 a 16:30,SI,NO,NO,SI,SI,NO,NO,NO,NO,Prolong. Unión 1375
81,03.- TARAPOTO,SAN MARTIN,SAN MARTIN,TARAPOTO,ORA HOSPITAL TARAPOTO (MINSA),109,ORA,OPERATIVO,08:45 a 16:30,NO,NO,NO,SI,SI,NO,NO,NO,NO,Angel Delgado Morey Nº 503
82,03.- TARAPOTO,LORETO,DATEM DEL MARAÑON,BARRANCA,PAP DATEM DEL MARAÑON,120,PAP,OPERATIVO,08:45 a 16:45,NO,NO,SI,SI,NO,SI,SI,NO,SI,Tigre Mz. 31 Lt. 08 - San Lorenzo
83,03.- TARAPOTO,SAN MARTIN,RIOJA,NUEVA CAJAMARCA,AG NUEVA CAJAMARCA,331,AG,OPERATIVO,08:45 a 16:45,NO,NO,SI,SI,NO,SI,SI,NO,SI, Fernando Belaunde Terry Altura del Km. 447.50 
84,03.- TARAPOTO,LORETO,ALTO AMAZONAS,YURIMAGUAS,AG ALTO AMAZONAS,432,AG,OPERATIVO,08:45 a 16:45,SI,SI,SI,SI,NO,SI,SI,SI,SI,Mariscal Castilla N° 411
85,03.- TARAPOTO,SAN MARTIN,MOYOBAMBA ,MOYOBAMBA,ORA HOSPITAL MOYOBAMBA (MINSA),543,ORA,OPERATIVO,08:45 a 16:30,NO,NO,NO,SI,SI,NO,NO,NO,NO,Grau cuadra 4
86,03.- TARAPOTO,SAN MARTIN,MOYOBAMBA ,MOYOBAMBA,AG MOYOBAMBA,581,AG,OPERATIVO,08:45 a 16:45,SI,SI,SI,SI,NO,SI,SI,SI,SI,Dos de Mayo Mz. 1530 Lt. 14 (837)
87,03.- TARAPOTO,SAN MARTIN,HUALLAGA,SAPOSOA,AG HUALLAGA,582,AG,OPERATIVO,08:45 a 16:45,NO,NO,SI,SI,NO,SI,SI,NO,SI,Lima N° 591
88,03.- TARAPOTO,SAN MARTIN,LAMAS,LAMAS,AG LAMAS,583,AG,OPERATIVO,08:45 a 16:45,NO,NO,SI,SI,NO,SI,SI,NO,SI,San Martín N° 984
89,03.- TARAPOTO,SAN MARTIN,MARISCAL CACERES,JUANJUI,AG MARISCAL CACERES,584,AG,OPERATIVO,08:45 a 16:45,SI,SI,SI,SI,NO,SI,SI,SI,SI,Eduardo Peña Meza N° 772 
90,03.- TARAPOTO,SAN MARTIN,RIOJA,RIOJA,OR RIOJA,585,OR,OPERATIVO,08:45 a 16:45,SI,SI,SI,SI,SI,SI,SI,SI,SI,Angaiza N° 530
91,03.- TARAPOTO,SAN MARTIN,SAN MARTIN ,TARAPOTO,OR TARAPOTO,586,OR,OPERATIVO,08:45 a 16:45,SI,SI,SI,SI,SI,SI,SI,SI,SI,Jiménez Pimentel N° 280 
92,03.- TARAPOTO,SAN MARTIN,BELLAVISTA,BELLAVISTA,AG BELLAVISTA,587,AG,OPERATIVO,08:45 a 16:45,SI,SI,SI,SI,NO,SI,SI,SI,SI,Huallaga - Iquitos Mz. 7 Lt. 27 - A.  1er. Piso
93,03.- TARAPOTO,SAN MARTIN,PICOTA,PICOTA,AG PICOTA,589,AG,OPERATIVO,08:45 a 16:45,NO,NO,SI,SI,NO,SI,SI,NO,SI,"Simón Bolívar, cuadra 4"
94,03.- TARAPOTO,SAN MARTIN,EL DORADO ,SAN JOSE DE SISA,AG EL DORADO,590,AG,OPERATIVO,08:45 a 16:45,NO,NO,SI,SI,NO,NO,NO,NO,SI,Comercio N° 610
95,03.- TARAPOTO,LORETO,DATEM DEL MARAÑON,BARRANCA,ORA SAN LORENZO - NUCLEO BASE (MINSA),601,ORA,OPERATIVO,08:45 a 16:30,NO,NO,NO,SI,SI,NO,NO,NO,NO,Daniel Alcides Carrión S/N - Barrio Huacachina
96,03.- TARAPOTO,SAN MARTIN,SAN MARTIN ,LA BANDA DE SHILCAYO,AG LA BANDA DE SHILCAYO,612,AG,OPERATIVO,08:45 a 16:45,NO,NO,SI,SI,NO,SI,SI,NO,SI,Yurimaguas N° 340
97,03.- TARAPOTO,SAN MARTIN,MARISCAL CACERES,JUANJUI,ORA HOSPITAL JUANJUI (MINSA),632,ORA,OPERATIVO,08:45 a 16:30,NO,NO,NO,SI,SI,NO,NO,NO,NO,Arica N° 205
98,03.- TARAPOTO,SAN MARTIN,RIOJA,RIOJA,ORA HOSPITAL DE RIOJA (MINSA),658,ORA,OPERATIVO,08:45 a 16:30,NO,NO,NO,SI,SI,NO,NO,NO,NO,Túpac Amaru S/N
99,03.- TARAPOTO,LORETO,ALTO AMAZONAS,LAGUNAS,AG LAGUNAS,509,AG,OPERATIVO,08:45 a 16:45,NO,NO,SI,SI,NO,NO,NO,NO,SI,CALLE FITZCARRALD C-9
100,03.- TARAPOTO,SAN MARTIN,SAN MARTIN,MORALES,PANP MORALES,983,PANP,OPERATIVO,08:45 a 16:45,NO,NO,SI,SI,NO,SI,SI,NO,NO,Tarapoto N° 116 Plaza de Armas
101,04.- IQUITOS,LORETO,MAYNAS,PUNCHANA,"ORA HOSPITAL REGIONAL DE LORETO ""FELIPE ARRIOLA IGLESIAS""",55,ORA,OPERATIVO,08:45 a 16:45,SI,SI,NO,SI,SI,NO,NO,NO,NO ,28 de Julio S/N
102,04.- IQUITOS,LORETO,MAYNAS,IQUITOS,"ORA HOSPITAL IQUITOS ""CESAR GARAYAR GARCIA""",85,ORA,OPERATIVO,08:45 a 16:45,SI,SI,NO,SI,SI,NO,NO,NO,NO ,Cornejo Portugal 1710
103,04.- IQUITOS,LORETO,MAYNAS,BELÉN,OR BELEN,332,OR,OPERATIVO,08:45 a 16:45,SI,SI,SI,SI,SI,SI,SI,NO,SI,Miraflores S/N P. J. 09 de Octubre
104,04.- IQUITOS,LORETO,MAYNAS,TENIENTE MANUEL CLAVERO,PAP SOPLIN VARGAS,339,PAP,OPERATIVO,08:45 a 16:45,NO,NO,SI,SI,NO,NO,NO,NO,SI,Plaza de Armas S/N  
105,04.- IQUITOS,LORETO,MAYNAS,IQUITOS,OR IQUITOS,431,OR,OPERATIVO,08:45 a 16:45,SI,SI,SI,SI,SI,SI,SI,SI,SI,Próspero Nº 201
106,04.- IQUITOS,LORETO,LORETO,NAUTA,PAP NAUTA,433,PAP,OPERATIVO,08:45 a 16:45,SI,SI,SI,SI,NO,SI,SI,NO,SI,Grau Nº 305 Centro
107,04.- IQUITOS,LORETO,REQUENA,REQUENA,PAP REQUENA,434,PAP,OPERATIVO,08:45 a 16:45,SI,SI,SI,SI,NO,SI,SI,NO,SI,San Antonio S/N Anexo Hotel Municipal
108,04.- IQUITOS,LORETO,MARISCAL RAMON CASTILLA,RAMON CASTILLA,PAP MARISCAL RAMON CASTILLA - CABALLOCOCHA,436,PAP,OPERATIVO,08:45 a 16:45,SI,SI,SI,SI,NO,SI,SI,NO,SI,Ayacucho Mz. 22 Lt. 4 C con Amazonas S/N - Local Municipal
109,04.- IQUITOS,LORETO,MAYNAS,SAN JUAN BAUTISTA,OR SAN JUAN BAUTISTA,438,OR,OPERATIVO,08:45 a 16:45,SI,SI,SI,SI,SI,SI,SI,NO,SI,Abelardo Quiñones Nº 2371 Km. 2.5 
110,04.- IQUITOS,LORETO,MARISCAL RAMON CASTILLA,YAVARI,PAP YAVARI,439,PAP,OPERATIVO,08:45 a 16:45,SI,SI,SI,SI,NO,NO,NO,NO,SI,Dos de Julio S/N Local Municipal
111,04.- IQUITOS,LORETO,PUTUMAYO,PUTUMAYO,PAP PUTUMAYO,440,PAP,OPERATIVO,08:45 a 16:45,NO,NO,SI,SI,NO,NO,NO,NO,SI,LOCAL MUNICIPAL
112,04.- IQUITOS,LORETO,MAYNAS,PUNCHANA,PAP PUNCHANA,449,PAP,OPERATIVO,08:45 a 16:45,SI,SI,SI,SI,NO,NO,NO,NO,SI,"Calle Cusco S/N, cuadra 5, equina con Trujillo."
113,04.- IQUITOS,LORETO,REQUENA,REQUENA,ORA REQUENA,645,ORA,OPERATIVO,08:45 a 16:45,SI,SI,NO,SI,SI,NO,NO,NO,NO ,Mártires del Petroléo S/N - Malecon Grau
114,04.- IQUITOS,LORETO,MARISCAL RAMON CASTILLA,RAMON CASTILLA,ORA CABALLOCOCHA,711,ORA,OPERATIVO,08:45 a 16:45,SI,SI,NO,SI,SI,NO,NO,NO,NO ,Progreso N° 425
115,04.- IQUITOS,LORETO,MAYNAS,PUNCHANA,MAC - LORETO,806,MAC,OPERATIVO,08:45 a 16:45,SI,SI,SI,SI,NO,SI,SI,NO,SI,La Marina Nº  1338
116,05.- CHIMBOTE,ANCASH,SANTA,CHIMBOTE,OR SANTA,33,OR,OPERATIVO,08:45 a 16:45,SI,SI,SI,SI,SI,SI,SI,SI,SI,Jr. Enrique Palacios Nº 504-506 esquina con Jr. Ladislao Espinar Nº 401
117,05.- CHIMBOTE,ANCASH,SANTA,CHIMBOTE,CENTRO MAC ANCASH (MegaPlaza Chimbote),1182,MAC,OPERATIVO,08:30 a 16:30,SI,SI,SI,SI,NO,SI,SI,SI,SI,"Mz. B Lt. 1-A-1-A2 Sector Parque Gran Chavín, Centro Comercial Megaplaza Chimbote"
118,05.- CHIMBOTE,ANCASH,SANTA,NUEVO CHIMBOTE,AG NUEVO CHIMBOTE,137,AG,OPERATIVO,08:45 a 16:45,SI,SI,SI,SI,NO,SI,SI,SI,SI,Mz. 74-75 Lt. 1 del Centro Cívico de la Municipalidad Distrital de Nuevo Chimbote
119,05.- CHIMBOTE,ANCASH,HUARAZ,HUARAZ,AG HUARAZ,21,AG,OPERATIVO,08:45 a 16:45,SI,SI,SI,SI,NO,SI,SI,SI,SI,"Jr. Agustin Loly N° 756, Mz. 29A Lt. 27, Barrio La Soledad Alta, intersección con Jr. Agustin Mejía"
120,05.- CHIMBOTE,ANCASH,HUAYLAS,CARAZ,AG HUAYLAS,27,AG,OPERATIVO,08:45 a 16:45,SI,SI,SI,SI,NO,SI,SI,SI,SI,Jr. Raimondi N° 215
121,05.- CHIMBOTE,ANCASH,HUARI,HUARI,AG HUARI,28,AG,OPERATIVO,08:45 a 16:45,SI,SI,SI,SI,NO,SI,SI,SI,SI,Jr. Libertad Mz. P2 Lt. 003
122,05.- CHIMBOTE,ANCASH,POMABAMBA,POMABAMBA,AG POMABAMBA,31,AG,OPERATIVO,08:45 a 16:45,NO,NO,SI,SI,NO,SI,SI,NO,SI,Jr. Huaraz Nº 369
123,05.- CHIMBOTE,ANCASH,SIHUAS,SIHUAS,AG SIHUAS,34,AG,OPERATIVO,08:45 a 16:45,NO,NO,SI,SI,NO,SI,SI,NO,SI,"Jr. Gomes Arias 106, Barrio Pingullo Alto"
124,05.- CHIMBOTE,ANCASH,PALLASCA,PAMPAS,AG PAMPAS,518,AG,OPERATIVO,08:45 a 16:45,NO,NO,SI,SI,NO,SI,SI,NO,SI,Calle Plaza de Armas S/N - Municipalidad Distrital de Pampas - 1er piso
125,05.- CHIMBOTE,ANCASH,CASMA,CASMA,PAP CASMA,25,PAP,OPERATIVO,08:45 a 16:45,NO,NO,SI,SI,NO,SI,SI,NO,SI,Sector Hijuela Mz. C Lt. 13 del Centro Cívico de la Municipalidad Provincial de Casma
126,05.- CHIMBOTE,ANCASH,HUARMEY,HUARMEY,PAP HUARMEY,39,PAP,OPERATIVO,08:45 a 16:45,NO,NO,SI,SI,NO,SI,SI,NO,NO,1er. Pabellón S/N del Centro Cívico de la Municipalidad Provincial de Huarmey
127,05.- CHIMBOTE,ANCASH,RECUAY,RECUAY,PAP RECUAY,32,PAP,OPERATIVO,08:45 a 16:45,NO,NO,SI,SI,NO,SI,SI,NO,NO,Jr. Plaza de Armas Nº 180 Municipalidad Distrital de Recuay
128,05.- CHIMBOTE,ANCASH,CARHUAZ,CARHUAZ,PAP CARHUAZ,24,PAP,OPERATIVO,08:45 a 16:45,NO,NO,SI,SI,NO,SI,SI,NO,NO,Av. La Merced Nº 1006
129,05.- CHIMBOTE,ANCASH,YUNGAY,YUNGAY,PAP YUNGAY,35,PAP,OPERATIVO,08:45 a 16:45,NO,NO,SI,SI,NO,SI,SI,NO,NO,Av.  Arias Grazziani Lt. 1-2 Centro Cívico de la Municipalidad Provincial de Yungay
130,05.- CHIMBOTE,ANCASH,CARLOS FERMIN FITZCARRALD,SAN LUÍS,PAP CARLOS FERMÍN FITZCARRALD,37,PAP,OPERATIVO,08:45 a 16:45,NO,NO,SI,SI,NO,SI,SI,NO,SI,Av. Ramón Castilla N° 320 - 1er. piso Centro Cívico de la Municipalidad Provincial de C. F. Fitzcarrald
131,05.- CHIMBOTE,ANCASH,MARISCAL LUZURIAGA,PISCOBAMBA,PAP MARISCAL LUZURIAGA,29,PAP,OPERATIVO,08:45 a 16:45,NO,NO,SI,SI,NO,SI,SI,NO,NO,"Jr. San Pablo S/N, Centro Cívico de la Municipalidad Provincial de Mariscal Luzuriaga"
132,05.- CHIMBOTE,ANCASH,SANTA,CHIMBOTE,ORA HOSPITAL LA CALETA (Chimbote),140,ORA,OPERATIVO,08:45 a 16:30,NO,NO,NO,SI,SI,NO,NO,NO,NO,Av. Malecon Grau S/N
133,05.- CHIMBOTE,ANCASH,SANTA,CHIMBOTE,ORA HOSPITAL ESSALUD III CHIMBOTE,57,ORA,OPERATIVO,08:45 a 16:30,NO,NO,NO,SI,SI,NO,NO,NO,NO,Av. Circunvalación Nº 119 Urb. Laderas del Norte
134,05.- CHIMBOTE,ANCASH,SANTA,NUEVO CHIMBOTE,ORA HOSPITAL ELEAZAR GUZMÁN BARRÓN (Nuevo Chimbote),56,ORA,OPERATIVO,08:45 a 16:30,NO,NO,NO,SI,SI,NO,NO,NO,NO,"Av. Brasil S/N, Urb. Santa Cristina (Hospital Regional Eleazar Guzmán Barrón puerta de Emergencia)"
135,05.- CHIMBOTE,ANCASH,HUARAZ,HUARAZ,ORA HOSPITAL VÍCTOR RAMOS GUARDIA (Huaraz),295,ORA,OPERATIVO,08:45 a 16:30,NO,NO,NO,SI,SI,NO,NO,NO,NO,"Av. Mariscal Luzuriaga cdra. 01, cruce con Jr. Pedro Villón cdra. 10"
136,05.- CHIMBOTE,ANCASH,HUAYLAS,CARAZ,ORA HOSPITAL DE APOYO CARAZ,595,ORA,OPERATIVO,08:45 a 16:30,NO,NO,NO,SI,SI,NO,NO,NO,NO,Av. 9 de Octubre S/N
137,05.- CHIMBOTE,ANCASH,HUARI,HUARI,ORA HOSPITAL DE APOYO HUARI,748,ORA,OPERATIVO,08:45 a 16:30,NO,NO,NO,SI,SI,NO,NO,NO,NO,Av. Circunvalación Baja S/N
138,05.- CHIMBOTE,ANCASH,CORONGO,CORONGO,PANP CORONGO,26,PANP,DESPLAZAMIENTO,08:45 a 16:45,NO,NO,SI,SI,NO,NO,NO,NO,NO,"Jr. Grau N° 206, primer piso de la Municipalidad Provincial de Corongo"
139,05.- CHIMBOTE,ANCASH,PALLASCA,CABANA,PANP PALLASCA,30,PANP,DESPLAZAMIENTO,08:45 a 16:45,NO,NO,SI,SI,NO,NO,NO,NO,NO,"Av. Plaza de Armas N° 103, primer piso de la Municipalidad Provincial de Pallasca"
140,05.- CHIMBOTE,ANCASH,AIJA,AIJA,PANP AIJA,22,PANP,DESPLAZAMIENTO,08:45 a 16:45,NO,NO,SI,SI,NO,NO,NO,NO,NO,"Jr. Gavino Uribe S/N Plaza de Armas, 1er piso de la Municipalidad Provincial de Aija"
141,05.- CHIMBOTE,ANCASH,BOLOGNESI,CHIQUIAN,PANP BOLOGNESI,23,PANP,DESPLAZAMIENTO,08:45 a 16:45,NO,NO,SI,SI,NO,NO,NO,NO,NO,"Jr. Tacna 320, primer piso del Centro Cívico de la Municipalidad Distrital de Chiquian"
142,05.- CHIMBOTE,ANCASH,YUNGAY,YANAMA,AG YANAMA,741,AG,DESPLAZAMIENTO,08:45 a 16:45,NO,NO,SI,SI,NO,NO,NO,NO,NO,Jr. Gran Chavín 2da cuadra S/N
143,05.- CHIMBOTE,ANCASH,MARISCAL LUZURIAGA,LLUMPA,PANP LLUMPA,470,PANP,DESPLAZAMIENTO,08:45 a 16:45,NO,NO,SI,SI,NO,NO,NO,NO,NO,Plaza de Armas S/N
144,05.- CHIMBOTE,ANCASH,ASUNCION,CHACAS,PANP ASUNCIÓN,38,PANP,DESPLAZAMIENTO,08:45 a 16:45,NO,NO,SI,SI,NO,NO,NO,NO,NO,Coliseo de Chacas S/N
145,05.- CHIMBOTE,ANCASH,HUARI,CHAVIN DE HUANTAR,PANP CHAVÍN DE HUANTAR,714,PANP,DESPLAZAMIENTO,08:45 a 16:45,NO,NO,SI,SI,NO,NO,NO,NO,NO,"Jr. San Martin S/N, 1er piso del Centro Cívico de la Municipalidad Distrital de Chavin de Huantar"
146,05.- CHIMBOTE,ANCASH,HUARI,SAN MARCOS,PANP SAN MARCOS ,715,PANP,DESPLAZAMIENTO,08:45 a 16:45,NO,NO,SI,SI,NO,NO,NO,NO,NO,"Jr. Progreso 332, Plaza de Armas de San Marcos"
147,05.- CHIMBOTE,ANCASH,HUACAYBAMBA,HUACAYBAMBA,PANP HUACAYBAMBA,249,PANP,DESPLAZAMIENTO,08:45 a 16:45,NO,NO,SI,SI,NO,NO,NO,NO,NO,"Av. El Ejercito S/N Barrio San Pedro, 1er piso Municipalidad Provincial de Huacaybamba"
148,05.- CHIMBOTE,ANCASH,ANTONIO RAIMONDI,LLAMELLIN,PANP ANTONIO RAIMONDI,36,PANP,DESPLAZAMIENTO,08:45 a 16:45,NO,NO,SI,SI,NO,NO,NO,NO,NO,Jr. Simón Bolívar N° 229
149,05.- CHIMBOTE,ANCASH,HUARI,UCO,PANP UCO,766,PANP,DESPLAZAMIENTO,08:45 a 16:45,NO,NO,SI,SI,NO,NO,NO,NO,NO,"Jr. Nicolas de Piérola S/N Plaza de Armas, 1er piso de la Municipalidad Distrital de Uco"
150,06.- HUANCAYO,JUNIN,HUANCAYO,EL TAMBO,OR HUANCAYO,281,OR,OPERATIVO,08:45 a 16:45,SI,SI,SI,SI,NO,SI,SI,SI,SI,MARISCAL CASTILLA Nº 1801
151,06.- HUANCAYO,JUNIN,TARMA,TARMA,AG TARMA,285,AG,OPERATIVO,08:45 a 16:45,SI,SI,SI,SI,NO,SI,SI,SI,SI,AREQUIPA Nº 939
152,06.- HUANCAYO,JUNIN,CHANCHAMAYO,LA MERCED,AG CHANCHAMAYO,288,AG,OPERATIVO,08:45 a 16:45,SI,SI,SI,SI,NO,SI,SI,SI,SI,TARMA Nº 236
153,06.- HUANCAYO,JUNIN,SATIPO,PANGOA,PAP PANGOA,146,PAP,OPERATIVO,08:45 a 16:45,SI,SI,SI,SI,NO,SI,SI,SI,SI,07 DE JUNIO Nº 641 PLAZA PRINCIPAL CENTRO CIVICO
154,06.- HUANCAYO,JUNIN,SATIPO,MAZAMARI,PAP MAZAMARI,279,PAP,OPERATIVO,08:45 a 16:30,NO,NO,SI,SI,NO,SI,SI,NO,SI,SAN JUAN N° 377
155,06.- HUANCAYO,JUNIN,CONCEPCION,CONCEPCIÓN,PAP CONCEPCIÓN,282,PAP,OPERATIVO,08:45 a 16:30,SI,SI,SI,SI,NO,SI,SI,SI,SI,RICARDO PALMA S/N MERCADO MODELO INTERIOR 1 
156,06.- HUANCAYO,JUNIN,JAUJA,JAUJA,PAP JAUJA,283,PAP,OPERATIVO,08:45 a 16:45,SI,SI,SI,SI,NO,SI,SI,SI,SI,SUCRE N° 889
157,06.- HUANCAYO,JUNIN,JUNIN,JUNIN,PAP JUNIN,284,PAP,OPERATIVO,08:45 a 16:30,NO,NO,SI,SI,NO,SI,SI,NO,SI,SIMÓN BOLIVAR N° 820
158,06.- HUANCAYO,JUNIN,YAULI,SANTA ROSA DE SACCO,PAP YAULI,286,PAP,OPERATIVO,08:45 a 16:30,NO,NO,SI,SI,NO,SI,SI,NO,SI,MIGUEL GRAU N° 309
159,06.- HUANCAYO,JUNIN,SATIPO,SATIPO,PAP SATIPO,287,PAP,OPERATIVO,08:45 a 16:45,SI,SI,SI,SI,NO,SI,SI,SI,SI,MICAELA BASTIDAS Y JR. AUGUSTO B. LEGUIA CENTRO CIVICO 
160,06.- HUANCAYO,JUNIN,CHUPACA,CHUPACA,PAP CHUPACA,289,PAP,OPERATIVO,08:45 a 16:30,SI,SI,SI,SI,NO,SI,SI,SI,SI,GRAU N° 195 - CENTRO CÍVICO
161,06.- HUANCAYO,JUNIN,CHANCHAMAYO,PICHANAQUI,PAP PICHANAQUI,292,PAP,OPERATIVO,08:45 a 16:45,SI,NO,SI,SI,NO,SI,SI,NO,SI,INDEPENDENCIA S/N COLISEO MUNICIPAL
162,06.- HUANCAYO,JUNIN,HUANCAYO,HUANCAYO,"ORA REGIONAL DOCENTE MATERNO INFANTIL ""EL CARMEN""",215,ORA,OPERATIVO,08:45 a 16:30,SI,NO,NO,SI,SI,NO,NO,NO,NO,PUNO Nº 911
163,06.- HUANCAYO,JUNIN,TARMA,TARMA,ORA DE APOYO FELIX MAYORCA SOTO,733,ORA,OPERATIVO,08:45 a 16:30,SI,NO,NO,SI,SI,NO,NO,NO,NO,PACHECO Nº 362
164,06.- HUANCAYO,JUNIN,JAUJA ,JAUJA ,ORA HOSPITAL DOMINGO OLAVEGOYA,734,ORA,OPERATIVO,08:45 a 16:30,SI,NO,NO,SI,SI,NO,NO,NO,NO,SAN MARTÍN Nº 1153 URB. OLAVEGOYA 
165,06.- HUANCAYO,JUNIN,SATIPO,SATIPO,ORA DE APOYO MANUEL HIGA ARAKAKI,735,ORA,OPERATIVO,08:45 a 16:30,SI,NO,NO,SI,SI,NO,NO,NO,NO,DANIEL ALCIDES CARRIÓN Nº 398
166,06.- HUANCAYO,JUNIN,CHANCHAMAYO ,PICHANAQUI,ORA HOSPITAL DE APOYO PICHANAQUI,736,ORA,OPERATIVO,08:45 a 16:30,SI,NO,NO,SI,SI,NO,NO,NO,NO,SAN MARTÍN S/N PICHANAKI
167,06.- HUANCAYO,JUNIN,HUANCAYO,HUANCAYO,ORA LA LIBERTAD,763,ORA,DESPLAZAMIENTO,08:45 a 16:30,SI,NO,NO,SI,SI,NO,NO,NO,NO,LA VITORIA 1001
168,06.- HUANCAYO,JUNIN,CHANCHAMAYO,LA MERCED,ORA HOSPITAL REGIONAL DOCENTE DE MEDICINA TROPICAL DR. JULIO DEMARINI CARO,764,ORA,OPERATIVO,08:45 a 16:30,SI,NO,NO,SI,SI,NO,NO,NO,NO,DANIEL A. CARRION S/N AV. PAMPA DEL CARMEN S/N
169,06.- HUANCAYO,JUNIN,HUANCAYO,EL TAMBO,ORA HOSPITAL NACIONAL RAMIRO PRIALE,142,ORA,DESPLAZAMIENTO,08:45 a 16:30,SI,NO,NO,SI,SI,NO,NO,NO,NO,INDEPENDENCIA Nº 266
170,06.- HUANCAYO,JUNIN,SATIPO,PANGOA,ORA HOSPITAL DE PANGOA,737,ORA,DESPLAZAMIENTO,08:45 a 16:30,SI,NO,NO,SI,SI,NO,NO,NO,NO,LA CULTURA S/N
171,06.- HUANCAYO,JUNIN,HUANCAYO,CHILCA,ORA CHILCA,765,ORA,DESPLAZAMIENTO,08:45 a 16:30,SI,NO,NO,SI,SI,NO,NO,NO,NO,HUMBOLT Nº 900
172,06.- HUANCAYO,JUNIN,HUANCAYO,HUANCAYO,MAC JUNIN,1129,MAC,OPERATIVO,08:30 a 16:30,SI,SI,SI,SI,NO,SI,SI,SI,SI,FERROCARRIL N° 146 - 150 - CENTRO COMERCIAL OPEN PLAZA
173,07.- AYACUCHO,AYACUCHO,HUAMANGA,AYACUCHO,"ORA HOSPITAL REGIONAL DE AYACUCHO ""MIGUEL ANGEL MARISCAL LLERENA"" (MINSA)",47,ORA,OPERATIVO,08:45 a 16:30,SI,NO,NO,NO,SI,NO,NO,NO,NO,Av.Daniel Alcides Carrión S/N - 2da cuadra.
174,07.- AYACUCHO,AYACUCHO,LA MAR,AYNA,PAP AYNA -SAN FRANCISCO,119,PAP,OPERATIVO,08:45 a 16:45,NO,NO,SI,SI,NO,SI,SI,NO,NO,28 de Julio S/N San Francisco
175,07.- AYACUCHO,AYACUCHO,HUAMANGA,AYACUCHO,OR HUAMANGA,121,OR,OPERATIVO,08:45 a 16:45,si,si,si,si,si,si,si,SI,Si,"San Martin Nº 473, 475, 477 y 477A"
176,07.- AYACUCHO,AYACUCHO,CANGALLO,CANGALLO,PAP CANGALLO,122,PAP,OPERATIVO,08:45 a 16:45,NO,NO,SI,SI,NO,SI,SI,NO,NO,Maria Parado de Bellido Nº 205
177,07.- AYACUCHO,AYACUCHO,HUANTA,HUANTA,AG HUANTA,123,AG,OPERATIVO,08:45 a 16:45,si,si,si,si,si,si,si,SI,Si,Ayacucho N° 305
178,07.- AYACUCHO,AYACUCHO,LA MAR,SAN MIGUEL,PAP LA MAR,124,PAP,OPERATIVO,08:45 a 16:45,NO,NO,SI,SI,NO,SI,SI,NO,Si,Maria Parado de Bellido S/N 
179,07.- AYACUCHO,AYACUCHO,VICTOR FAJARDO,HUANCAPI,PAP VICTOR FAJARDO,127,PAP,OPERATIVO,08:45 a 16:45,NO,NO,SI,SI,NO,SI,SI,NO,NO,Plaza Principal Nº 127
180,07.- AYACUCHO,AYACUCHO,HUANCA SANCOS,SANCOS,PAP HUANCASANCOS,128,PAP,OPERATIVO,08:45 a 16:45,NO,NO,SI,SI,NO,SI,SI,NO,NO,Progreso S/N Consejo Provincial de Huanca Sancos
181,07.- AYACUCHO,AYACUCHO,VILCAS HUAMAN,VILCAS HUAMAN,PAP VILCASHUAMAN,129,PAP,OPERATIVO,08:45 a 16:45,NO,NO,SI,SI,NO,SI,SI,NO,NO,Los Incas Nº 222
182,07.- AYACUCHO,AYACUCHO,SUCRE,QUEROBAMBA,PAP SUCRE,131,PAP,OPERATIVO,08:45 a 16:45,NO,NO,SI,SI,NO,SI,SI,NO,NO,San Martin S/N  Plaza de Armas Consejo Provincial de Sucre
183,07.- AYACUCHO,AYACUCHO,HUANTA,HUANTA,"ORA HOSPITAL DE APOYO HUANTA ""DANIEL ALCIDES CARRION"" (MINSA)",213,ORA,OPERATIVO,08:45 a 16:30,SI,NO,NO,NO,SI,NO,NO,NO,NO,Mariscal Castilla Nº 628
184,07.- AYACUCHO,AYACUCHO,LA MAR,SAN MIGUEL,ORA SAN MIGUEL (MINSA),454,ORA,DESPLAZAMIENTO,08:45 a 16:30,SI,NO,NO,NO,SI,NO,NO,NO,Si,Ramon Castilla s/n
185,07.- AYACUCHO,AYACUCHO,CANGALLO,CANGALLO,ORA HOSPITAL DE APOYO CANGALLO (MINSA),455,ORA,OPERATIVO,08:45 a 16:30,SI,NO,NO,SI,SI,NO,NO,NO,NO,Santa Rosa N° 110
186,07.- AYACUCHO,CUSCO,LA CONVENCION,PICHARI,PAP PICHARI,172,PAP,OPERATIVO,08:45 a 16:45,NO,NO,SI,SI,NO,SI,SI,NO,Si,BRASIL S/N
187,07.- AYACUCHO,APURIMAC,CHINCHEROS,CHINCHEROS,PAP CHINCHEROS,77,PAP,OPERATIVO,08:45 a 16:45,NO,NO,SI,SI,NO,SI,SI,NO,Si,COTABAMBAS N° 121
188,07.- AYACUCHO,AYACUCHO,LA MAR,SAMUGARI,PAP SAMUGARI -PALMAPAMPA,500,PAP,OPERATIVO,08:45 a 16:45,NO,NO,SI,SI,NO,SI,SI,NO,NO,Los Laureles S/N – Palmapampa Distrital de Samugari
189,07.- AYACUCHO,AYACUCHO,LA MAR,TAMBO,ORA TAMBO (MINSA),620,ORA,OPERATIVO,08:45 a 16:30,SI,NO,NO,SI,SI,NO,NO,NO,NO,Lima s/n
190,07.- AYACUCHO,AYACUCHO,HUAMANGA,JESUS NAZARENO,ORA HOSPITAL DE APOYO JESUS NAZARENO (MINSA),628,ORA,OPERATIVO,08:45 a 16:30,SI,NO,NO,SI,SI,NO,NO,NO,NO,Ciro Alegría Nº 547
191,07.- AYACUCHO,APURIMAC,ANDAHUAYLAS,TALAVERA,OR ANDAHUAYLAS,73,OR,OPERATIVO,08:45 a 16:45,si,si,si,si,si,si,si,SI,Si,Amauta N° 311
192,07.- AYACUCHO,APURIMAC,CHINCHEROS,ANCCO HUALLO,ORA  CENTRO DE SALUD URIPA  (MINSA),458,ORA,OPERATIVO,08:45 a 16:30,SI,NO,NO,SI,SI,NO,NO,NO,NO, Túpac Amaru S/N – URIPA
193,07.- AYACUCHO,APURIMAC,ANDAHUAYLAS,ANDAHUAYLAS,ORA HOSPITAL REGIONAL DOCENTE  HUGO PESCE PESCETTO ANDAHUAYLAS (MINSA),459,ORA,OPERATIVO,08:45 a 16:30,SI,NO,NO,SI,SI,NO,NO,NO,NO,Hugo Pesce Pesceto S/N
194,07.- AYACUCHO,AYACUCHO,HUANTA,SIVIA,ORA HOSPITAL DE APOYO DE SIVIA (MINSA),357,ORA,DESPLAZAMIENTO,08:45 a 16:30,SI,NO,NO,SI,SI,NO,NO,NO,NO,Gervacio Santillana S/N
195,07.- AYACUCHO,CUSCO,LA CONVENCION,KIMBIRI,ORA CENTRO DE SALUD SAN JUAN DE KIMBIRI (MINSA),699,ORA,DESPLAZAMIENTO,08:45 a 16:30,SI,NO,NO,SI,SI,NO,NO,NO,NO,Aeropuerto S/N
196,07.- AYACUCHO,CUSCO,LA CONVENCION,PICHARI,ORA HOSPITAL DE APOYO PICHARI (MINSA),629,ORA,OPERATIVO,08:45 a 16:30,SI,NO,NO,SI,SI,NO,NO,NO,NO,Amazonas s/n
197,07.- AYACUCHO,APURIMAC,CHINCHEROS,CHINCHEROS,ORA HOSPITAL DE APOYO CHINCHEROS (MINSA),457,ORA,OPERATIVO,08:45 a 16:30,SI,NO,NO,SI,SI,NO,NO,NO,NO,Fernando Belaunde Terry S/N
198,07.- AYACUCHO,AYACUCHO,CANGALLO,LOS MOROCHUCOS,ORA PAMPA CANGALLO (MINSA),631,ORA,OPERATIVO,08:45 a 16:30,SI,NO,NO,SI,SI,NO,NO,NO,NO,María Arguedas S/N
199,08.- AREQUIPA,AREQUIPA,AREQUIPA,AREQUIPA,ORA HOSPITAL REGIONAL HONORIO DELGADO ESPINOZA (MINSA),52,ORA,OPERATIVO,08:45 a 16:45,SI,SI,NO,SI,SI,NO,NO,NO,NO,Daniel Alcides Carrión N° 505
200,08.- AREQUIPA,TACNA,TACNA,TACNA,ORA TACNA (MINSA),54,ORA,OPERATIVO,08:45 a 16:45,SI,SI,NO,SI,SI,NO,NO,NO,NO,Blondel S/N
201,08.- AREQUIPA,AREQUIPA,AREQUIPA,AREQUIPA,OR AREQUIPA,91,OR,OPERATIVO,08:45 a 16:45,SI,SI,SI,SI,NO,SI,SI,SI,SI,San Juan de Dios N° 122 y Santo Domingo N° 101
202,08.- AREQUIPA,AREQUIPA,CAYLLOMA,CHIVAY,PAP CAYLLOMA,92,PAP,OPERATIVO,08:45 a 16:45,SI,NO,SI,SI,NO,SI,SI,NO,SI,Siglo XX S/N
203,08.- AREQUIPA,AREQUIPA,CAMANA,CAMANA,AG CAMANA,93,AG,OPERATIVO,08:45 a 16:45,SI,NO,SI,SI,NO,SI,SI,NO,SI,Mariscal Castilla N° 221
204,08.- AREQUIPA,AREQUIPA,CARAVELI,CARAVELÍ,PAP CARAVELI,94,PAP,OPERATIVO,08:45 a 16:45,SI,NO,SI,SI,NO,SI,SI,NO,SI,Bolivar S/N
205,08.- AREQUIPA,AREQUIPA,CASTILLA,APLAO,PAP CASTILLA,95,PAP,OPERATIVO,08:45 a 16:45,SI,NO,SI,SI,NO,SI,SI,NO,NO,Progreso S/N
206,08.- AREQUIPA,AREQUIPA,CONDESUYOS,CHUQUIBAMBA,PAP CONDESUYOS,96,PAP,OPERATIVO,08:45 a 16:45,SI,NO,SI,SI,NO,SI,SI,NO,NO,Alameda S/N - Los Tres Errantes
207,08.- AREQUIPA,AREQUIPA,ISLAY,MOLLENDO,AG ISLAY,97,AG,OPERATIVO,08:45 a 16:45,SI,NO,SI,SI,NO,SI,SI,NO,SI,Arequipa Nº 261 
208,08.- AREQUIPA,AREQUIPA,LA UNION,COTAHUASI,PAP LA UNION,98,PAP,OPERATIVO,08:45 a 16:45,SI,NO,SI,SI,NO,SI,SI,NO,NO,Centenario N° 202 - Cotahuasi
209,08.- AREQUIPA,MOQUEGUA,MARISCAL NIETO,MOQUEGUA,ORA HOSPITAL REGIONAL MOQUEGUA (MINSA),145,ORA,OPERATIVO,08:45 a 16:45,SI,SI,NO,SI,SI,NO,NO,NO,NO,Simón Bolívar N° 505
210,08.- AREQUIPA,MOQUEGUA,MARISCAL NIETO,SAN ANTONIO,AG MARISCAL NIETO,481,AG,OPERATIVO,08:45 a 16:45,SI,SI,SI,SI,NO,SI,SI,SI,SI,Central Mz D-4 Lt. 1
211,08.- AREQUIPA,MOQUEGUA,ILO,ILO,AG ILO,483,AG,OPERATIVO,08:45 a 16:45,SI,SI,SI,SI,NO,SI,SI,SI,SI,Ayacucho N° 529
212,08.- AREQUIPA,AREQUIPA,CAYLLOMA,MAJES,AG MAJES,511,AG,OPERATIVO,08:45 a 16:45,SI,NO,SI,SI,NO,SI,SI,NO,SI,Arequipa S/N - Tienda 06 del Estadio Almirante Miguel Grau - Pedregal
213,08.- AREQUIPA,AREQUIPA,AREQUIPA,CAYMA,AG CAYMA,579,AG,OPERATIVO,08:45 a 16:45,SI,NO,SI,SI,NO,NO,NO,NO,SI,Ramón Castilla S/N - Estadio La Tomilla
214,08.- AREQUIPA,TACNA,TACNA,TACNA,AG TACNA,621,AG,OPERATIVO,08:45 a 16:45,SI,SI,SI,SI,NO,SI,SI,SI,SI,Deustua Nº 173
215,08.- AREQUIPA,AREQUIPA,AREQUIPA,AREQUIPA,ORA HOSPITAL III GOYENECHE (MINSA),725,ORA,OPERATIVO,08:45 a 16:45,SI,SI,NO,SI,SI,NO,NO,NO,NO,Goyeche N° 100
216,08.- AREQUIPA,AREQUIPA,CAMANA,CAMANA,ORA HOSPITAL DE CAMANA (MINSA),726,ORA,OPERATIVO,08:45 a 16:45,SI,SI,NO,SI,SI,NO,NO,NO,NO,Lima 550
217,08.- AREQUIPA,AREQUIPA,AREQUIPA,PAUCARPATA,MAC - AREQUIPA,762,MAC,OPERATIVO,08:30 a 16:30,SI,SI,SI,SI,NO,SI,SI,SI,SI,Porongoche N° 500 Paucarpata - Centro Comercial Mall Aventura 
218,08.- AREQUIPA,AREQUIPA,CAYLLOMA,MAJES,ORA HOSPITAL CENTRAL DE MAJES- ANGEL GABRIEL CHURA GALLEGOS (MINSA),727,ORA,OPERATIVO,08:45 a 16:45,SI,SI,NO,SI,SI,NO,NO,NO,NO,Asentamiento B1 lote 1 Irrig. Majes
219,08.- AREQUIPA,MOQUEGUA,MARISCAL NIETO,MOQUEGUA,MAC - MOQUEGUA,839,MAC,OPERATIVO,08:30 a 16:30,SI,NO,SI,SI,NO,SI,SI,NO,SI,"Circunvalación 1B Sub lote 1-A, Moquegua"
220,08.- AREQUIPA,AREQUIPA,AREQUIPA,AREQUIPA,PAP PASEO CENTRAL,1040,PAP,OPERATIVO,08:45 a 16:45,SI,NO,SI,SI,NO,NO,NO,NO,NO,Arturo Ibañez S/N
221,08.- AREQUIPA,AREQUIPA,AREQUIPA,CERRO COLORADO,C.S. MARITZA CAMPOS DIAZ (MINSA),750,ORA,OPERATIVO,08:45 a 16:45,SI,SI,NO,SI,SI,NO,NO,NO,NO,Yavari S/N
222,08.- AREQUIPA,AREQUIPA,AREQUIPA,PAUCARPATA,HOSPITAL EDMUNDO ESCOMEL (ESSALUD),336,ORA,OPERATIVO,08:45 a 16:45,SI,SI,NO,SI,SI,NO,NO,NO,NO,EL Cayro S/N
223,08.- AREQUIPA,AREQUIPA,AREQUIPA,AREQUIPA,HOSPITAL CARLOS ALBERTO SEGUIN ESCOBEDO (ESSALUD),514,ORA,DESPLAZAMIENTO,08:45 a 16:45,SI,SI,NO,SI,SI,NO,NO,NO,NO,Peral S/N
224,08.- AREQUIPA,AREQUIPA,AREQUIPA,YANAHUARA,ORA HOSPITAL III YANAHUARA (ESSALUD),338,ORA,OPERATIVO,08:45 a 16:45,SI,SI,NO,SI,SI,NO,NO,NO,NO,Zamácola S/N
225,09.- CUSCO,CUSCO,CUSCO,SANTIAGO,ORA ANTONIO LORENA DEL CUSCO (MINSA),60,ORA,OPERATIVO,08:45 a 16:30,SI,NO,NO,SI,SI,NO,NO,NO,NO,Carlos Ugarte S/N Urb. Primavera Cuartel Agustín Gamarra
226,09.- CUSCO,CUSCO,CUSCO,WANCHAQ,ORA HOSPITAL NACIONAL ADOLFO GUEVARA VELASCO (ESSALUD),61,ORA,OPERATIVO,08:45 a 16:30,SI,NO,NO,SI,SI,NO,NO,NO,NO,Ancelmo Alvarez S/N
227,09.- CUSCO,APURIMAC,ABANCAY,ABANCAY,OR ABANCAY,71,OR,OPERATIVO,08:45 a 16:45,SI,SI,SI,SI,SI,SI,SI,SI,SI,La Victoria Nº 214
228,09.- CUSCO,APURIMAC,AYMARAES,CHALHUANCA,PANP AYMARAES,72,PANP,DESPLAZAMIENTO,08:45 a 16:30,NO,NO,SI,SI,NO,NO,NO,NO,NO,Plaza de Armas S/N (Gobernatura De Chalhuanca)
229,09.- CUSCO,APURIMAC,ANTABAMBA,ANTABAMBA,PANP ANTABAMBA,74,PANP,DESPLAZAMIENTO,08:45 a 16:30,NO,NO,SI,SI,NO,NO,NO,NO,NO,Plaza de Armas S / N
230,09.- CUSCO,APURIMAC,COTABAMBAS,TAMBOBAMBA,PAP TAMBOBAMBA,75,PAP,OPERATIVO,08:45 a 16:30,NO,NO,SI,SI,NO,SI,SI,SI,SI,Perú - Plaza de Armas S/N - 3er Piso
231,09.- CUSCO,APURIMAC,GRAU,CHUQUIBAMBILLA,PANP GRAU,76,PANP,DESPLAZAMIENTO,08:45 a 16:30,NO,NO,SI,SI,NO,NO,NO,NO,NO,Plaza de Armas S / N
232,09.- CUSCO,CUSCO,CUSCO,CUSCO,OR CUSCO,191,OR,OPERATIVO,08:45 a 16:45,SI,SI,SI,SI,SI,SI,SI,SI,SI,El Sol N° 272
233,09.- CUSCO,CUSCO,ACOMAYO,ACOMAYO,PANP ACOMAYO,192,PANP,DESPLAZAMIENTO,08:45 a 16:30,NO,NO,SI,SI,NO,NO,NO,NO,NO,Plaza de Armas S/N
234,09.- CUSCO,CUSCO,ANTA,ANTA ,PAP ANTA,193,PAP,OPERATIVO,08:45 a 16:30,SI,SI,SI,SI,NO,SI,SI,SI,SI,"Jaquijahuana  S / N, Izcuchaca"
235,09.- CUSCO,CUSCO,CALCA,CALCA,AG CALCA,194,AG,OPERATIVO,08:45 a 16:45,SI,SI,SI,SI,NO,SI,SI,SI,SI,Plaza de Armas S/N
236,09.- CUSCO,CUSCO,CANAS,YANAOCA,PAP CANAS,195,PAP,OPERATIVO,08:45 a 16:30,NO,NO,SI,SI,NO,NO,NO,NO,NO,Plaza de Armas S/N
237,09.- CUSCO,CUSCO,CANCHIS,SICUANI,AG CANCHIS,196,AG,OPERATIVO,08:45 a 16:45,SI,SI,SI,SI,NO,SI,SI,SI,SI,Túpac Amaru N° 163
238,09.- CUSCO,CUSCO,CHUMBIVILCAS,SANTO TOMAS,PAP CHUMBIVILCAS,197,PAP,OPERATIVO,08:45 a 16:45,NO,NO,SI,SI,NO,SI,SI,SI,SI,Perú S / N (Ruedo de Toros)
239,09.- CUSCO,CUSCO,ESPINAR,ESPINAR,PAP ESPINAR,198,PAP,OPERATIVO,08:45 a 16:45,NO,NO,SI,SI,NO,SI,SI,SI,SI,Teatro S/N  
240,09.- CUSCO,CUSCO,LA CONVENCION,SANTA ANA,AG LA CONVENCION,199,AG,OPERATIVO,08:45 a 16:45,SI,SI,SI,SI,NO,SI,SI,SI,SI,Grau Nº 238
241,09.- CUSCO,CUSCO,PARURO,PARURO,PANP PARURO,200,PANP,DESPLAZAMIENTO,08:45 a 16:30,NO,NO,SI,SI,NO,NO,NO,NO,NO,Plaza de Armas S/N
242,09.- CUSCO,CUSCO,PAUCARTAMBO,PAUCARTAMBO,PAP PAUCARTAMBO - JR9,201,PAP,OPERATIVO,08:45 a 16:30,NO,NO,SI,SI,NO,SI,SI,NO,SI,Enrique Yabar S/N
243,09.- CUSCO,CUSCO,QUISPICANCHI,URCOS,PAP QUISPICANCHI,202,PAP,OPERATIVO,08:45 a 16:45,SI,SI,SI,SI,NO,SI,SI,SI,SI,Huáscar N° 181
244,09.- CUSCO,CUSCO,URUBAMBA,URUBAMBA,PAP URUBAMBA,203,PAP,OPERATIVO,08:45 a 16:30,SI,SI,SI,SI,NO,SI,SI,SI,SI,Conchatupa S/N
245,09.- CUSCO,MADRE DE DIOS,TAHUAMANU,IBERIA,AG IBERIA,341,AG,OPERATIVO,08:45 a 16:45,SI,SI,SI,SI,NO,SI,SI,SI,SI,Máximo Rodríguez N° 124 Plaza de Armas
246,09.- CUSCO,APURIMAC,ABANCAY,ABANCAY,ORA HOSPITAL REGIONAL GUILLERMO DIAZ DE LA VEGA (MINSA),348,ORA,OPERATIVO,08:45 a 16:30,SI,NO,NO,SI,SI,NO,NO,NO,NO,Daniel Alcides Carrión S/N
247,09.- CUSCO,MADRE DE DIOS,TAMBOPATA,TAMBOPATA,OR TAMBOPATA,461,OR,OPERATIVO,08:45 a 16:45,SI,SI,SI,SI,SI,SI,SI,SI,SI,Lambayeque N° 159
248,09.- CUSCO,MADRE DE DIOS,MANU,MANU,PANP MANU,462,PANP,DESPLAZAMIENTO,08:45 a 16:30,NO,NO,SI,SI,NO,NO,NO,NO,NO,Esperanza S/N - Local Municipal
249,09.- CUSCO,CUSCO,ACOMAYO,POMACANCHI,AG POMACANCHI,495,AG,DESPLAZAMIENTO,08:45 a 16:45,NO,NO,SI,SI,NO,NO,NO,NO,NO,Plaza de Armas S/N
250,09.- CUSCO,CUSCO,CUSCO,CUSCO,ORA HOSPITAL DE APOYO DEPARTAMENTAL CUSCO (MINSA),599,ORA,OPERATIVO,08:45 a 16:30,SI,NO,NO,SI,SI,NO,NO,NO,NO,La Cultura S/N
251,09.- CUSCO,CUSCO,CUSCO,SANTIAGO,ORA BELEMPAMPA (MINSA),600,ORA,OPERATIVO,08:45 a 16:30,SI,NO,NO,SI,SI,NO,NO,NO,NO,21 de Mayo S/N
252,09.- CUSCO,CUSCO,CANCHIS,SICUANI,ORA SICUANI (MINSA),606,ORA,OPERATIVO,08:45 a 16:30,SI,NO,NO,SI,SI,NO,NO,NO,NO,Manuel Callo Zevallos N° 519 - Hospital MINSA Sicuani
253,09.- CUSCO,MADRE DE DIOS,TAMBOPATA,TAMBOPATA,ORA SANTA ROSA (MINSA),633,ORA,OPERATIVO,08:45 a 16:30,SI,NO,NO,SI,SI,NO,NO,NO,NO,Cajamarca N° 171
254,09.- CUSCO,CUSCO,LA CONVENCION,SANTA ANA,ORA QUILLABAMBA (MINSA),648,ORA,OPERATIVO,08:45 a 16:30,SI,NO,NO,SI,SI,NO,NO,NO,NO,General Gamarra S/N - Hospital Quillabamba
255,09.- CUSCO,CUSCO,ESPINAR,ESPINAR,ORA ESPINAR (MINSA),657,ORA,OPERATIVO,08:45 a 16:30,SI,NO,NO,SI,SI,NO,NO,NO,NO,Domingo Huarca Cruz S/N Barrio Túpac Amaru  - Hospital Espinar
256,09.- CUSCO,MADRE DE DIOS,TAHUAMANU,IBERIA,ORA SAN MARTIN DE PORRES DE IBERIA (MINSA),713,ORA,OPERATIVO,08:45 a 16:30,SI,NO,NO,SI,SI,NO,NO,NO,NO,Mocopata S/N
257,09.- CUSCO,APURIMAC,COTABAMBAS,TAMBOBAMBA,ORA TAMBOBAMBA (MINSA),349,ORA,OPERATIVO,08:45 a 16:30,SI,NO,NO,SI,SI,NO,NO,NO,NO,Hospital Tambobamba
258,09.- CUSCO,APURIMAC,COTABAMBAS,HAQUIRA,PAP HAQUIRA,793,PAP,OPERATIVO,08:45 a 16:30,NO,NO,SI,SI,NO,SI,SI,SI,SI,Plaza de armas S/N-Haquira
259,09.- CUSCO,CUSCO,CHUMBIVILCAS,SANTO TOMAS,ORA SANTO TOMAS (MINSA),728,ORA,OPERATIVO,08:45 a 16:30,SI,NO,NO,SI,SI,NO,NO,NO,NO, Andres Avelino Caceres - Hospital Santo Tomas  
260,09.- CUSCO,CUSCO,CHUMBIVILCAS,VELILLE,PANP VELILLE,920,PANP,DESPLAZAMIENTO,08:45 a 16:30,NO,NO,SI,SI,NO,SI,SI,NO,NO,Plaza de Armas - Municipalidad Distrital Velille
261,09.- CUSCO,CUSCO,CALCA,YANATILE,PANP YANATILE,919,PANP,DESPLAZAMIENTO,08:45 a 16:30,NO,NO,SI,SI,NO,SI,SI,NO,NO,Plaza de Armas - Municipalidad Distrital Yanatile
262,09.- CUSCO,APURIMAC,ABANCAY,CURAHUASI,PANP CURAHUASI,921,PANP,DESPLAZAMIENTO,08:45 a 16:30,NO,NO,SI,SI,NO,SI,SI,NO,NO,Coliseo Cerrado - Municipalidad de Curahuasi
263,09.- CUSCO,CUSCO,CUSCO,SANTIAGO,AGENCIA SANTIAGO,1132,AG,OPERATIVO,08:45 a 16:30,SI,SI,SI,SI,NO,SI,SI,SI,SI,Giraldo Ruiz Caro S/N
264,09.- CUSCO,CUSCO,CUSCO,WANCHAQ,MAC CUSCO,1165,MAC,OPERATIVO,08:45 a 16:30,SI,SI,SI,SI,NO,SI,SI,SI,SI,Collasuyo 2964 - Real Plaza Cusco
265,09.- CUSCO,MADRE DE DIOS,TAMBOPATA,INAMBARI,AG INAMBARI,343,AG,DESPLAZAMIENTO,08:45 a 16:30,NO,NO,SI,SI,NO,SI,SI,NO,NO,Plaza de Armas - Municipalidad Provincial de Inambari
266,10.- LIMA,LIMA,LIMA ,JESÚS MARÍA,ORA HOSPITAL NACIONAL EDGARDO REBAGLIATI MARTINS (ESSALUD),8,ORA,OPERATIVO,08:45 a 16:30,SI,NO,NO,NO,SI,NO,NO,NO,NO,AV. SALAVERRY CDRA. 13 - PUERTA 6
267,10.- LIMA,CALLAO,CALLAO,CALLAO,ORA NAC. DANIEL A. CARRIÓN (MINSA),11,ORA,OPERATIVO,08:45 a 16:45,SI,NO,NO,NO,SI,NO,NO,NO,NO,Guardia Chalaca Nº 2176 - Bellavista
268,10.- LIMA,LIMA,LIMA,SAN JUAN DE LURIGANCHO,ORA HOSPITAL SAN JUAN DE LURIGANCHO (MINSA),12,ORA,OPERATIVO,08:45 a 16:30,SI,NO,NO,NO,SI,NO,NO,NO,NO,Canto Grande S/N - Altura del paradero 10
269,10.- LIMA,LIMA,LIMA,EL AGUSTINO,ORA HOSPITAL NACIONAL HIPOLITO UNANUE (MINSA),14,ORA,OPERATIVO,08:45 a 16:30,SI,NO,NO,NO,SI,NO,NO,NO,NO,Cesar Vallejo Nº 1390 
270,10.- LIMA,LIMA,LIMA,LIMA,ORA INSTITUTO NACIONAL MATERNO PERINATAL (MINSA),51,ORA,OPERATIVO,08:45 a 16:30,SI,SI,NO,SI,SI,NO,NO,NO,NO,Miroquesada Nº 941 - Lima
271,10.- LIMA,CALLAO,CALLAO,VENTANILLA,OR VENTANILLA,58,OR,OPERATIVO,08:45 a 16:45,SI,SI,SI,SI,SI,SI,SI,SI,SI,Pachacutec N° 225 - Sector B - Grupo Residencial B1 - Mz. F1 
272,10.- LIMA,LIMA,LIMA,SANTIAGO DE SURCO,OR SURCO - HIGUERETA,114,OR,OPERATIVO,08:45 a 16:45,SI,SI,SI,SI,SI,SI,SI,SI,NO,Santiago de Surco Nº 2807 Urb. Residencial Higuereta
273,10.- LIMA,LIMA,LIMA,SAN BORJA,OR SAN BORJA,168,OR,OPERATIVO,08:45 a 16:45,SI,SI,SI,SI,SI,SI,SI,SI,SI,San Luis N° 1673 Urb. Jacaranda II
274,10.- LIMA,LIMA,LIMA,COMAS,OR COMAS III,169,OR,OPERATIVO,08:45 a 16:45,SI,SI,SI,SI,SI,SI,SI,SI,SI,San Felipe Nº 830 Urb. San Felipe
275,10.- LIMA,LIMA,LIMA,LIMA,OR QUILCA,174,OR,OPERATIVO,08:45 a 16:45,SI,SI,SI,SI,SI,SI,SI,SI,NO,Quilca Nº 501 y 525 
276,10.- LIMA,LIMA,LIMA,LIMA,AG ANCASH,175,AG,OPERATIVO,08:45 a 16:45,SI,SI,SI,SI,NO,SI,SI,SI,SI,Ancash Nº 336-340 y 344 (Frente a la Plazuela San Francisco) - Lima
277,10.- LIMA,LIMA,LIMA,VILLA MARÍA DEL TRIUNFO,ORA DANIEL ALCIDES CARRION (MINSA),187,ORA,OPERATIVO,08:45 a 16:30,SI,NO,NO,NO,SI,NO,NO,NO,NO,Pachacutec N° 3470 - Pasando el Terminal Pesquero.
278,10.- LIMA,CALLAO,CALLAO,BELLAVISTA,MAC - CALLAO,335,MAC,OPERATIVO,08:30 a 16:30,SI,SI,SI,SI,NO,SI,SI,SI,NO,Oscar R. Benavides N° 3866 - Centro Comercial Mall Aventura Plaza
279,10.- LIMA,LIMA,LIMA,LIMA,OR LIMA,371,OR,OPERATIVO,08:45 a 16:45,SI,SI,SI,SI,SI,SI,SI,SI,SI,Av. Nicolás de Piérola N 545
280,10.- LIMA,LIMA,LIMA,ATE,OR ATE,372,OR,OPERATIVO,08:45 a 16:45,SI,SI,SI,SI,SI,SI,SI,SI,SI,Industrial Nº 438
281,10.- LIMA,LIMA,LIMA,COMAS,OR COMAS I,376,OR,OPERATIVO,08:45 a 16:45,SI,SI,SI,SI,SI,SI,SI,SI,SI,"Tupac Amaru N° 5527 - 5531 - 5535, Urb Huaquillay 2da Etapa"
282,10.- LIMA,LIMA,LIMA,LURIN,OR LURIN,379,OR,OPERATIVO,08:45 a 16:45,SI,SI,SI,SI,SI,SI,SI,SI,SI,Simon Bolivar N° 267
283,10.- LIMA,LIMA,LIMA,MIRAFLORES,OR MIRAFLORES,380,OR,OPERATIVO,08:45 a 16:45,SI,SI,SI,SI,SI,SI,SI,SI,SI,Ernesto Diez Canseco N° 230
284,10.- LIMA,LIMA,LIMA,PUENTE PIEDRA,OR PUENTE PIEDRA,382,OR,OPERATIVO,08:45 a 16:45,SI,SI,SI,SI,SI,SI,SI,SI,SI,Ricardo Palma Nº 241
285,10.- LIMA,LIMA,LIMA,SAN JUAN DE LURIGANCHO,OR SAN JUAN DE LURIGANCHO,386,OR,OPERATIVO,08:45 a 16:45,SI,SI,SI,SI,SI,SI,SI,SI,SI,Las Flores Lote 1 Mz. G Urb. Canto Grande Unidad 7
286,10.- LIMA,LIMA,LIMA,SAN JUAN DE MIRAFLORES,OR SAN JUAN DE MIRAFLORES,387,OR,OPERATIVO,08:45 a 16:45,SI,SI,SI,SI,SI,SI,SI,SI,SI,Guillermo Billinghurst  N° 767 – 769 Mz. F Lote 18 Urb. SJM Parcela D
287,10.- LIMA,LIMA,LIMA,SAN MARTÍN DE PORRES,OR SAN MARTIN DE PORRES,389,OR,OPERATIVO,08:45 a 16:45,SI,SI,SI,SI,SI,SI,SI,SI,SI,Eduardo de Habich Nº 590 - 592 con Pedro Paulet N° 589
288,10.- LIMA,LIMA,CAJATAMBO,CAJATAMBO,AG CAJATAMBO,391,AG,OPERATIVO,08:45 a 16:45,NO,NO,SI,SI,NO,SI,SI,NO,NO,Bolognesi S/N - Comisiones de Regantes -Frente plaza de Armas
289,10.- LIMA,LIMA,CANTA,CANTA,AG CANTA,392,AG,OPERATIVO,08:45 a 16:45,NO,NO,SI,SI,NO,SI,SI,NO,NO,Independencia Nº 308 Municipio (Plaza de Armas)
290,10.- LIMA,LIMA,CAÑETE,SAN VICENTE DE CAÑETE,AG CAÑETE,393,AG,OPERATIVO,08:45 a 16:45,SI,SI,SI,SI,NO,SI,SI,SI,SI,Los Libertadores Mz. D-3 Lote 4 Urbanización Tercer Mundo
291,10.- LIMA,LIMA,HUAURA,HUACHO,AG HUACHO,394,AG,OPERATIVO,08:45 a 16:45,SI,SI,SI,SI,NO,SI,SI,SI,SI,Grau Nº 295
292,10.- LIMA,LIMA,HUAROCHIRI,MATUCANA,AG MATUCANA,395,AG,OPERATIVO,08:45 a 16:45,SI,NO,SI,SI,NO,NO,NO,NO,NO,Tacna S/N  - Centro Civico
293,10.- LIMA,LIMA,YAUYOS,YAUYOS,AG YAUYOS,396,AG,OPERATIVO,08:45 a 16:45,NO,NO,SI,SI,NO,SI,SI,NO,NO,Plaza Constitución Nº 110
294,10.- LIMA,LIMA,HUARAL,HUARAL,AG HUARAL,397,AG,OPERATIVO,08:45 a 16:45,SI,SI,SI,SI,NO,SI,SI,SI,SI,Calle el Palmo esquina con Calle Huaquilla (DEMUNA HUARAL)
295,10.- LIMA,LIMA,BARRANCA,BARRANCA,OR BARRANCA,398,OR,OPERATIVO,08:45 a 16:45,SI,SI,SI,SI,SI,SI,SI,SI,SI,Independencia N° 674 - 676 - 678
296,10.- LIMA,LIMA,OYON,OYON,AG OYON,399,AG,OPERATIVO,08:45 a 16:45,NO,NO,SI,SI,NO,SI,SI,NO,NO,Unión 216
297,10.- LIMA,LIMA,LIMA,LURIGANCHO,OR CHOSICA,401,OR,OPERATIVO,08:45 a 16:45,SI,SI,SI,SI,SI,SI,SI,SI,SI,Chucuito Nº 248 
298,10.- LIMA,LIMA,LIMA,PACHACAMAC,OR PACHACAMAC,404,OR,OPERATIVO,08:45 a 16:45,SI,SI,SI,SI,SI,SI,SI,SI,SI,Paul Poblet N° 3111 - Dentro del Mercado Jumbo
299,10.- LIMA,LIMA,LIMA,JESÚS MARÍA,OR JESUS MARIA,405,OR,OPERATIVO,08:45 a 16:45,SI,SI,SI,SI,SI,SI,SI,SI,SI,Talara N° 130-132-134 y 136 Jesús Maria
300,10.- LIMA,LIMA,LIMA,CIENEGUILLA,OR CIENEGUILLA,421,OR,OPERATIVO,08:45 a 16:45,SI,SI,SI,SI,SI,SI,SI,SI,SI,"San Martin Lote 15, Zona ""D"" Manzana ""D"" Centro Poblado Tambo Viejo"
301,10.- LIMA,LIMA,LIMA,SANTA ANITA,OR SANTA ANITA,423,OR,OPERATIVO,08:45 a 16:45,SI,SI,SI,SI,SI,SI,SI,SI,SI,"Los Eucaliptos Nº 947, Urbanización Universal"
302,10.- LIMA,LIMA,LIMA,INDEPENDENCIA,OR INDEPENDENCIA,430,OR,OPERATIVO,08:45 a 16:45,SI,SI,SI,SI,SI,SI,SI,SI,SI,Los Andes Nº 486 Urb. Industrial Panamericana Norte
303,10.- LIMA,CALLAO,CALLAO,VENTANILLA,MAC - VENTANILLA,544,MAC,OPERATIVO,08:30 a 16:30,SI,SI,SI,SI,NO,SI,SI,SI,NO,La Playa S/N altura la Urb. Zona Comercial frente a la Plaza Cívica 
304,10.- LIMA,LIMA,LIMA,JESÚS MARÍA,AG 06 DE AGOSTO,550,AG,OPERATIVO,08:45 a 16:45,NO,NO,NO,SI,NO,SI,SI,NO,SI,06 de Agosto N° 856
305,10.- LIMA,CALLAO,CALLAO,MI PERÚ,PAP MI PERU,574,PAP,OPERATIVO,08:45 a 16:45,SI,NO,SI,SI,NO,NO,NO,NO,SI,Mz. G7 Lt. 06 Mi Perú  interior de la Sede Municipal.
306,10.- LIMA,LIMA,LIMA,SAN MARTÍN DE PORRES,ORA NACIONAL CAYETANO HEREDIA (MINSA),577,ORA,OPERATIVO,08:45 a 16:30,SI,NO,NO,NO,SI,NO,NO,NO,NO,Honorio Delgado N° 262 - Urb. Ingeniería / Obstetricia
307,10.- LIMA,LIMA,HUAURA,HUACHO,ORA HOSPITAL GENERAL DE HUACHO (MINSA),640,ORA,OPERATIVO,08:45 a 16:30,SI,NO,NO,SI,SI,NO,NO,NO,NO,Jose Arnaldo Arambulo La Rosa N° 251
308,10.- LIMA,CALLAO,CALLAO,CALLAO,OR CALLAO,661,OR,OPERATIVO,08:45 a 16:45,SI,SI,SI,SI,SI,SI,SI,SI,SI,Dos de Mayo N° 440 - 446
309,10.- LIMA,LIMA,LIMA,SAN BORJA,AG ATENCIONES ESPECIALES DE SAN BORJA,696,AG,OPERATIVO,08:45 a 16:45,SI,SI,SI,SI,NO,NO,NO,SI,NO,Javier Prado N° 2388 -2386 - 2392
310,10.- LIMA,LIMA,LIMA,EL AGUSTINO,MAC - LIMA ESTE,717,MAC,OPERATIVO,08:30 a 16:30,SI,SI,SI,SI,NO,NO,NO,SI,NO,Carretera Central 111 Mall Aventura Santa Anita Nivel 2
311,10.- LIMA,CALLAO,CALLAO,CARMEN DE LA LEGUA REYNOSO,ORA HOSPITAL SAN JOSE (MINSA),729,ORA,OPERATIVO,08:45 a 16:45,SI,SI,NO,SI,SI,NO,NO,NO,NO,Las Magnolias 475 Carmen de la Legua-Reynoso
312,10.- LIMA,CALLAO,CALLAO,VENTANILLA,ORA HOSPITAL DE VENTANILLA (MINSA),730,ORA,OPERATIVO,08:45 a 16:45,SI,SI,NO,SI,SI,NO,NO,NO,NO,Pedro Beltran S/N Ventanilla - Hospital de Ventanilla
313,10.- LIMA,LIMA,CAÑETE,SAN LUIS,ORA HOSPITAL REZOLA (MINSA),739,ORA,OPERATIVO,08:45 a 16:30,SI,SI,NO,SI,SI,NO,NO,NO,NO,Distrito de San Luis S/N
314,10.- LIMA,LIMA,BARRANCA,BARRANCA,ORA HOSPITAL DE BARRANCA (MINSA),740,ORA,OPERATIVO,08:45 a 16:30,SI,SI,NO,SI,SI,NO,NO,NO,NO,Nicolás de Piérola Nº 210 -224
315,10.- LIMA,LIMA,HUARAL,HUARAL,ORA HOSPITAL SAN JUAN BAUTISTA HUARAL (MINSA),753,ORA,OPERATIVO,08:45 a 16:30,SI,SI,NO,SI,SI,NO,NO,NO,NO,Tacna Nº 120 Urb. San Juan I
316,10.- LIMA,LIMA,LIMA ,COMAS,ORA HOSPITAL NACIONAL SERGIO E. BERNALES (MINSA),754,ORA,OPERATIVO,08:45 a 16:30,SI,SI,NO,SI,SI,NO,NO,NO,NO,"Túpac Amaru N° 8000, Collique, Comas."
317,10.- LIMA,LIMA,LIMA,LIMA,ORA NACIONAL DOS DE MAYO (MINSA),755,ORA,OPERATIVO,08:45 a 16:30,SI,SI,NO,SI,SI,NO,NO,NO,NO,Parque Historia De La Medicina Peruana S/N Altura Cuadra 13 Av Grau
318,10.- LIMA,LIMA,LIMA,ATE ,ORA HOSPITAL DE HUAYCAN (MINSA),757,ORA,OPERATIVO,08:45 a 16:30,SI,SI,NO,SI,SI,NO,NO,NO,NO,José C.Mariátegui S/N Zona B - A.H.Huaycán S/N Ate Lima Lima
319,10.- LIMA,LIMA,LIMA,SAN JUAN DE MIRAFLORES,MAC - LIMA SUR,796,MAC,OPERATIVO,08:30 a 16:30,SI,NO,SI,SI,NO,SI,SI,SI,NO,Circunvalación 1583- San Juan de Miraflores
320,10.- LIMA,LIMA,LIMA,COMAS,MAC - LIMA NORTE,808,MAC,OPERATIVO,08:30 a 16:30,SI,SI,SI,SI,NO,SI,SI,SI,NO,Los Angeles N° 602 2do piso - Cc Mall Plaza 
321,10.- LIMA,LIMA,LIMA,JESUS MARIA,PVM - JESUS MARIA ,490,PVM ,OPERATIVO,08:45 a 16:45,NO,NO,NO,NO,NO,SI,NO,NO,NO,Talara N° 130
322,10.- LIMA,LIMA,LIMA,SANTIAGO DE SURCO,PVM - JOCKEY PLAZA,478,PVM ,OPERATIVO,08:45 a 16:45,NO,NO,NO,NO,NO,SI,NO,NO,NO,Javier Prado Este N° 4200 ( Centro Financiero del Centro Comercial)
323,10.- LIMA,LIMA,LIMA,SURQUILLO,PVM - OPEN PLAZA ANGAMOS,499,PVM ,OPERATIVO,08:45 a 16:45,NO,NO,NO,NO,NO,SI,NO,NO,NO,Cruce Angamos N° 1805 con Tomas Marsano
324,10.- LIMA,LIMA,LIMA,CHORRILLOS,PVM - PLAZA LIMA SUR,493,PVM ,OPERATIVO,08:45 a 16:45,NO,NO,NO,NO,NO,SI,NO,NO,NO,Prolongación Paseo  de la Republica S/N Urb. Matellini (2do nivel del Centro Comercial) 
325,10.- LIMA,CALLAO,CALLAO,VENTANILLA,PVM - VENTANILLA,724,PVM ,OPERATIVO,08:45 a 16:45,NO,NO,NO,NO,NO,SI,NO,NO,NO,La Playa S/N altura la Urb. Zona Comercial frente a la Plaza Cívica 
326,10.- LIMA,CALLAO,CALLAO,BELLAVISTA,PVM MALL AVENTURA PLAZA - CALLAO,494,PVM ,OPERATIVO,08:45 a 16:45,NO,NO,NO,NO,NO,SI,NO,NO,NO,Oscar R. Benavides N° 3866 - Centro Comercial Mall Aventura Plaza
327,10.- LIMA,LIMA,LIMA,MIRAFLORES,PVM- MIRAFLORES,547,PVM ,OPERATIVO,08:45 a 16:45,NO,NO,NO,NO,NO,SI,NO,NO,NO,Diez Canseco N° 230
328,10.- LIMA,LIMA,LIMA,INDEPENDENCIA,PVM - INDEPENDENCIA,775,PVM ,OPERATIVO,08:45 a 16:45,NO,NO,NO,NO,NO,SI,NO,NO,NO,Los Andes Nº 486 Urb. Industrial Panamericana Norte
329,10.- LIMA,LIMA,LIMA,CERCADO DE LIMA,PVM - AGENCIA ANCASH,489,PVM ,OPERATIVO,08:45 a 16:45,NO,NO,NO,NO,NO,SI,NO,NO,NO,Jr. Ancash 340 - Cercado de Lima
330,10.- LIMA,LIMA,LIMA,SANTA ANITA,ORA HOSP. JORGE VOTO BERNALES (ESSALUD),17,ORA,OPERATIVO,08:45 a 16:30,SI,NO,NO,NO,SI,NO,NO,NO,NO,"CARRETERA CENTRAL KM. 3,5 - SANTA ANITA"
331,10.- LIMA,LIMA,LIMA,CERCADO DE LIMA,HOSP. NAC DOC MADRE Y NIÑO  SAN BARTOLOME (MINSA),186,ORA,OPERATIVO,08:45 a 16:30,SI,NO,NO,NO,SI,NO,NO,NO,NO,ALFONSO UGARTE 825 - LIMA
332,10.- LIMA,LIMA,LIMA,CHORRILLOS,CMI VIRGEN DEL CARMEN  (MINSA),183,ORA,OPERATIVO,08:45 a 16:30,SI,NO,NO,NO,SI,NO,NO,NO,NO,AV. LEOPOLDO ARIAS 200 FRENTE AL COLISEO MARISCAL CACERES
333,10.- LIMA,LIMA,LIMA,PUENTE PIEDRA,CARLOS LANFRANCO LA HOZ (MINSA),13,ORA,OPERATIVO,08:45 a 16:30,SI,NO,NO,NO,SI,NO,NO,NO,NO,AV. SAENZ PEÑA S/N KM 30
334,10.- LIMA,LIMA,LIMA,SAN JUAN DE LURIGANCHO,PVM - SAN JUAN DE LURIGANCHO,492,PVM ,OPERATIVO,08:45 a 16:45,NO,NO,NO,NO,NO,SI,NO,NO,NO,Las Flores Lote Nz. 6 Urb . Canto Grande 
335,10.- LIMA,ANCASH,OCROS,OCROS,AG OCROS,40,AG,OPERATIVO,08:45 a 16:45,NO,NO,SI,SI,NO,SI,SI,NO,NO,Plaza de Armas S/N (MUNICIPIO)
336,10.- LIMA,LIMA,HUARAL,CHANCAY,AG CHANCAY,1183,AG,OPERATIVO,08:45 a 16:45,NO,SI,SI,SI,NO,SI,SI,NO,NO,Av. 1ro de mayo s/n cdra 03
337,11.- PUNO,PUNO,PUNO,PUNO,ORA MANUEL NUÑEZ BUTRON,19,ORA,OPERATIVO,08:45 a 16:45,SI,NO,NO,SI,SI,NO,NO,NO,NO,El Sol N° 1022
338,11.- PUNO,PUNO,PUNO,PUNO,ORA HOSPITAL BASE III (PUNO) - RED ASISTENCIAL PUNO,89,ORA,OPERATIVO,08:45 a 16:45,SI,NO,NO,SI,SI,NO,NO,NO,NO,Francisco Cáceres Jara Nº 600
339,11.- PUNO,PUNO,SAN ROMAN,JULIACA,ORA CARLOS MONGE MEDRANO,90,ORA,OPERATIVO,08:45 a 16:45,SI,NO,NO,SI,SI,NO,NO,NO,NO,Carretera a Huancane Km 2
340,11.- PUNO,PUNO,EL COLLAO ,ILAVE ,ORA ILAVE,108,ORA,OPERATIVO,08:45 a 16:45,SI,NO,NO,SI,SI,NO,NO,NO,NO,Atahualpa Nº 825
341,11.- PUNO,PUNO,SAN ROMAN,JULIACA,ORA HOSPITAL BASE III JULIACA - ESSALUD - RED ASISTENCIAL JULIACA,118,ORA,OPERATIVO,08:45 a 16:45,SI,NO,NO,SI,SI,NO,NO,NO,NO,José Santos Chocano S/N - La Capilla
342,11.- PUNO,PUNO,PUNO,PUNO,OR PUNO,551,OR,OPERATIVO,08:45 a 16:45,SI,SI,SI,SI,SI,SI,SI,SI,SI,Arequipa N° 1143 - 1145 Barrio Victoria
343,11.- PUNO,PUNO,AZANGARO,AZANGARO,PAP AZANGARO,552,PAP,OPERATIVO,08:45 a 16:45,SI,NO,SI,SI,NO,SI,SI,NO,SI,Azangaro N° 160  (Palacio Municipal)
344,11.- PUNO,PUNO,CARABAYA,MACUSANI,PAP CARABAYA,553,PAP,OPERATIVO,08:45 a 16:45,NO,NO,SI,SI,NO,SI,SI,NO,SI,Raimondi N° 116
345,11.- PUNO,PUNO,CHUCUITO,JULI,PAP CHUCUITO,554,PAP,OPERATIVO,08:45 a 16:45,NO,NO,SI,SI,NO,SI,SI,NO,SI,Ilave 235 - Mercado Central Municipio
346,11.- PUNO,PUNO,HUANCANE,HUANCANE,PAP HUANCANE,555,PAP,OPERATIVO,08:45 a 16:45,NO,NO,SI,SI,NO,SI,SI,NO,SI,Moquegua N° 104 - Barrio Progreso
347,11.- PUNO,PUNO,LAMPA,LAMPA,PAP LAMPA,556,PAP,OPERATIVO,08:45 a 16:45,NO,NO,SI,SI,NO,SI,SI,NO,SI,Alfonso Ugarte N° 343
348,11.- PUNO,PUNO,MELGAR,AYAVIRI,PAP MELGAR,557,PAP,OPERATIVO,08:45 a 16:45,SI,NO,SI,SI,NO,SI,SI,NO,SI,Jorge Chavez N°  550
349,11.- PUNO,PUNO,SANDIA,SANDIA,PAP SANDIA,558,PAP,OPERATIVO,08:45 a 16:45,NO,NO,SI,SI,NO,SI,SI,NO,SI,Juliaca S/N - Mercado Central Sandia
350,11.- PUNO,PUNO,SAN ROMAN,JULIACA,AG SAN ROMAN,559,AG,OPERATIVO,08:45 a 16:45,SI,SI,SI,SI,NO,SI,SI,SI,SI,Brascesco N° 181 
351,11.- PUNO,PUNO,YUNGUYO,YUNGUYO,PAP YUNGUYO,560,PAP,OPERATIVO,08:45 a 16:45,NO,NO,SI,SI,NO,SI,SI,NO,SI,Grau Nº 240
352,11.- PUNO,PUNO,SAN ANTONIO DE PUTINA,PUTINA,PAP PUTINA,561,PAP,OPERATIVO,08:45 a 16:45,NO,NO,SI,SI,NO,SI,SI,NO,SI,Plaza de Armas S/N (Palacio Municipal)
353,11.- PUNO,PUNO,EL COLLAO,ILAVE,PAP EL COLLAO,562,PAP,OPERATIVO,08:45 a 16:45,SI,NO,SI,SI,NO,SI,SI,NO,SI,Bolognesi S/N - Coliseo Cubierto Ilave Oficina N° 02
354,11.- PUNO,PUNO,MOHO,MOHO,PAP MOHO,563,PAP,OPERATIVO,08:45 a 16:45,NO,NO,SI,SI,NO,NO,NO,NO,NO,Circunvalación S/N Terminal Terrestre
355,11.- PUNO,PUNO,AZANGARO,AZANGARO,ORA CARLOS CORNEJO ROSELLO,634,ORA,OPERATIVO,08:45 a 16:45,SI,NO,NO,SI,SI,NO,NO,NO,NO,Francisco Bolognesi N° 557
356,11.- PUNO,PUNO,CHUCUITO,JULI,ORA JULI,635,ORA,OPERATIVO,08:45 a 16:45,SI,NO,NO,SI,SI,NO,NO,NO,NO,Panamericana S/N
357,11.- PUNO,PUNO,HUANCANE,HUANCANE,ORA HOSPITAL LUCIO ALDAZABAL PAUCA,636,ORA,OPERATIVO,08:45 a 16:45,SI,NO,NO,SI,SI,NO,NO,NO,NO,Santa Cruz S/N
358,11.- PUNO,PUNO,MELGAR,AYAVIRI,ORA SAN JUAN DE DIOS (AYAVIRI),637,ORA,OPERATIVO,08:45 a 16:45,SI,NO,NO,SI,SI,NO,NO,NO,NO,Progreso S/N
359,11.- PUNO,PUNO,SAN ROMÁN,JULIACA,ORA CENTRO DE SALUD CLAS SANTA ADRIANA,759,ORA,OPERATIVO,08:45 a 16:45,SI,NO,NO,SI,SI,NO,NO,NO,NO,Pachacutec S/N
360,11.- PUNO,PUNO,SAN ROMÁN,SAN MIGUEL,PAP SAN MIGUEL - JR11,792,PAP,OPERATIVO,08:45 a 16:45,SI,NO,SI,SI,NO,SI,SI,NO,SI,Palacio Municipal S/N
361,11.- PUNO,PUNO,CHUCUITO,DESAGUADERO,PAP DESAGUADERO,791,PAP,OPERATIVO,08:45 a 16:45,NO,NO,SI,SI,NO,NO,NO,NO,SI,28 de Julio N° 305 - Desaguadero
362,11.- PUNO,PUNO,SAN ROMAN,JULIACA,MAC PUNO,1184,MAC,OPERATIVO,08:45 a 16:45,SI,SI,SI,SI,NO,SI,SI,SI,SI,San Martin lote 07
363,11.- PUNO,PUNO,CARABAYA,MACUSANI,PANP CRUCERO,1185,PANP,DESPLAZAMIENTO,08:45 a 16:45,NO,NO,SI,SI,NO,SI,SI,NO,NO,Plaza de Armas S/N
364,12.- ICA,ICA,ICA,ICA,ORA REGIONAL DE ICA (MINSA),18,ORA,OPERATIVO,08:45 a 16:30,SI,SI,NO,SI,SI,NO,NO,NO,NO,Huacachina S/N
365,12.- ICA,AYACUCHO,LUCANAS,PUQUIO,AG LUCANAS,125,AG,OPERATIVO,08:45 a 16:45,SI,NO,SI,SI,NO,SI,SI,SI,SI,San Pedro  Nº 216
366,12.- ICA,AYACUCHO,PARINACOCHAS,CORACORA,AG PARINACOCHAS,126,AG,OPERATIVO,08:45 a 16:45,NO,NO,SI,SI,NO,SI,SI,NO,SI,Bolognesi N° 419 Plaza de Armas
367,12.- ICA,AYACUCHO,PAUCAR DEL SARA SARA,PAUSA,PANP PAUCAR DEL SARA SARA,130,PANP,OPERATIVO,08:45 a 16:45,NO,NO,SI,SI,NO,NO,NO,NO,SI ,Miguel de Cervantes N° 455 (Palacio Municipal)
368,12.- ICA,ICA,ICA,PARCONA,PAP PARCONA,150,PAP,OPERATIVO,08:45 a 16:45,SI,NO,SI,SI,NO,SI,SI,SI,SI,Jhon F. Kennedy N° 500 con Calle Lima S/N (Costado del Palacio Municipal)
369,12.- ICA,ICA,ICA,ICA,OR ICA,271,OR,OPERATIVO,08:45 a 16:45,SI,SI,SI,SI,NO,SI,SI,SI,SI,San Martin N° 1366 Mz. M-02 Lt. 035. Urb. San Isidro 
370,12.- ICA,ICA,CHINCHA,CHINCHA ALTA,AG CHINCHA,272,AG,OPERATIVO,08:45 a 16:45,SI,SI,SI,SI,NO,SI,SI,SI,SI,Los Angeles N° 300
371,12.- ICA,ICA,NASCA,NASCA,AG NASCA,273,AG,OPERATIVO,08:45 a 16:45,SI,SI,SI,SI,NO,SI,SI,SI,SI,Fermin del Castillo N° 270
372,12.- ICA,ICA,PISCO,PISCO,AG PISCO,274,AG,OPERATIVO,08:45 a 16:45,SI,SI,SI,SI,NO,SI,SI,SI,SI,San Juan de Dios N° 288
373,12.- ICA,ICA,PALPA,PALPA,AG PALPA,275,AG,OPERATIVO,08:45 a 16:45,NO,NO,SI,SI,NO,SI,SI,NO,SI,Portal de Escribanos Nº 145
374,12.- ICA,AYACUCHO,LUCANAS,CABANA,PAP CABANA ,330,PAP,DESPLAZAMIENTO,08:45 a 16:45,NO,NO,SI,SI,NO,SI,SI,NO,NO,Jorge Chavez N° 272 
375,12.- ICA,AYACUCHO,LUCANAS,PUQUIO,ORA FELIPE HUAMAN POMA DE AYALA (MINSA),346,ORA,OPERATIVO,08:45 a 16:30,SI,SI,NO,SI,SI,NO,NO,NO,NO,Arnaldo Alvarado S/N 
376,12.- ICA,AYACUCHO,PARINACOCHAS,CORACORA,ORA HOSPITAL DE APOYO DE CORACORA (MINSA),347,ORA,OPERATIVO,08:45 a 16:30,SI,SI,NO,SI,SI,NO,NO,NO,NO,La Cultura S/N
377,12.- ICA,ICA,ICA,ICA,ORA SANTA MARIA DEL SOCORRO (MINSA),354,ORA,OPERATIVO,08:45 a 16:30,SI,SI,NO,SI,SI,NO,NO,NO,NO,Castrovirreyna N° 759
378,12.- ICA,ICA,PISCO,PISCO,ORA SAN JUAN DE DIOS (MINSA),355,ORA,OPERATIVO,08:45 a 16:30,SI,SI,NO,SI,SI,NO,NO,NO,NO,Fermín Tanguis S/N (Altura del Fundo Alto de la Luna)
379,12.- ICA,ICA,CHINCHA,CHINCHA ALTA,ORA SAN JOSE DE CHINCHA (MINSA),356,ORA,OPERATIVO,08:45 a 16:30,SI,SI,NO,SI,SI,NO,NO,NO,NO,Abelardo Alva Maurtua Nº 600
380,12.- ICA,AYACUCHO,LUCANAS,LARAMATE,PANP LARAMATE,469,PANP,DESPLAZAMIENTO,08:45 a 16:45,NO,NO,SI,SI,NO,NO,NO,NO,NO,Ica S/N
381,12.- ICA,ICA,NASCA,NASCA,ORA HOSPITAL DE APOYO DE NASCA (MINSA),507,ORA,OPERATIVO,08:45 a 16:30,SI,SI,NO,SI,SI,NO,NO,NO,NO,Callao S/N - 5ta Cuadra
382,12.- ICA,ICA,ICA,ICA,ORA AUGUSTO HERNANDEZ MENDOZA (ESSALUD),233,ORA,OPERATIVO,08:45 a 16:30,SI,SI,NO,SI,SI,NO,NO,NO,NO,Av. José Matias Manzanilla S/N
383,12.- ICA,ICA,NASCA,MARCONA,PAP MARCONA,876,PAP,OPERATIVO,08:45 a 16:45,NO,NO,SI,SI,NO,NO,NO,NO,NO,Av. Andres Avelino Caceres S/N
384,13.- PUCALLPA,UCAYALI,CORONEL PORTILLO,CALLERIA,ORA HOSPITAL REGIONAL DE PUCALLPA (MINSA),143,ORA,OPERATIVO,08:45 a 16:30,SI,NO,NO,SI,SI,NO,NO,NO,NO,Agustin Cauper N° 285
385,13.- PUCALLPA,HUANUCO,PUERTO INCA,PUERTO INCA,PAP PUERTO INCA,248,PAP,OPERATIVO,08:45 a 16:45,NO,NO,SI,SI,NO,NO,NO,NO,NO,Vulcano S/N
386,13.- PUCALLPA,UCAYALI,CORONEL PORTILLO,YARINACOCHA,ORA HOSPITAL AMAZÓNICO - YARINACOCHA (MINSA),337,ORA,OPERATIVO,08:45 a 16:30,SI,NO,NO,SI,SI,NO,NO,NO,NO,Aguaytia N° 605
387,13.- PUCALLPA,LORETO,UCAYALI,CONTAMANA,PAP CONTAMANA,435,PAP,OPERATIVO,08:45 a 16:45,SI,SI,SI,SI,NO,SI,SI,SI,SI,Nuevo Loreto Mz.38C  Lt.5B
388,13.- PUCALLPA,UCAYALI,PADRE ABAD,IRAZOLA ,AG IRAZOLA ,542,AG,OPERATIVO,08:45 a 16:45,SI,SI,SI,SI,NO,NO,SI,NO,SI,Jr. Progreso S/N 
389,13.- PUCALLPA,UCAYALI,CORONEL PORTILLO,CALLERIA,OR PUCALLPA,701,OR,OPERATIVO,08:45 a 16:45,SI,SI,SI,SI,SI,SI,SI,SI,SI,"09 de Diciembre N° 378 y Tacna Nº 891 Mz. 07 Lt. Acumulado 1-B, independiente."
390,13.- PUCALLPA,UCAYALI,PADRE ABAD,PADRE ABAD,PAP PADRE ABAD,702,PAP,OPERATIVO,08:45 a 16:45,SI,SI,SI,SI,NO,SI,SI,SI,SI,Jr. Grau Nº 214
391,13.- PUCALLPA,UCAYALI,ATALAYA,RAIMONDI,PAP ATALAYA,703,PAP,OPERATIVO,08:45 a 16:45,NO,NO,SI,SI,NO,NO,NO,NO,SI,Rioja Nº 659
392,13.- PUCALLPA,UCAYALI,PURUS,PURUS,PAP PURUS,704,PAP,OPERATIVO,08:45 a 16:45,NO,NO,SI,SI,NO,SI,SI,NO,NO,Purus S/N
393,13.- PUCALLPA,UCAYALI,ATALAYA,TAHUANIA,PAP TAHUANIA,723,PAP,OPERATIVO,08:45 a 16:45,NO,NO,SI,SI,NO,NO,NO,NO,NO,7 de Junio  S/N
394,13.- PUCALLPA,UCAYALI,CORONEL PORTILLO,CALLERIA,MAC - UCAYALI,828,MAC,OPERATIVO,08:30 a 16:30,SI,SI,SI,SI,NO,SI,SI,SI,SI,Centenario 1642 (2do piso) Centro Comercial Real Plaza
395,14.- HUANCAVELICA,HUANCAVELICA,HUANCAVELICA,IZCUCHACA,PAP IZCUCHACA,15,PAP,OPERATIVO,08:45 a 16:45,NO,NO,SI,SI,NO,SI,SI,NO,SI,Ferrocarril  S/N 
396,14.- HUANCAVELICA,HUANCAVELICA,ACOBAMBA,PAUCARA,PAP PAUCARA,16,PAP,OPERATIVO,08:45 a 16:45,NO,NO,SI,SI,NO,SI,SI,NO,SI,Plaza Mayor S/N
397,14.- HUANCAVELICA,HUANCAVELICA,HUANCAVELICA,HUANCAVELICA,ORA HOSPITAL REGIONAL ZACARIAS CORREA VALDIVIA (MINSA),20,ORA,OPERATIVO,08:45 a 16:45,SI,NO,NO,NO,SI,NO,NO,NO,NO,Andrés Avelino Cáceres S/N - Barrio Yananaco
398,14.- HUANCAVELICA,HUANCAVELICA,HUANCAVELICA,HUANCAVELICA,ORA HUANDO (MINSA),618,ORA,OPERATIVO,08:45 a 16:45,SI,NO,NO,SI,SI,NO,NO,NO,NO,Cementerio s/n
399,14.- HUANCAVELICA,HUANCAVELICA,HUANCAVELICA,ASCENSIÓN,ORA HOSPITAL II HUANCAVELICA (ESSALUD),62,ORA,OPERATIVO,08:45 a 16:45,SI,NO,NO,NO,SI,NO,NO,NO,NO,Teresa de Jurnet S/N
400,14.- HUANCAVELICA,HUANCAVELICA,HUANCAVELICA,HUANCAVELICA,OR HUANCAVELICA,221,OR,OPERATIVO,08:45 a 16:45,SI,SI,SI,SI,SI,SI,SI,SI,SI,"Av. San Cristóbal Nº 384, 386 y 388"
401,14.- HUANCAVELICA,HUANCAVELICA,ACOBAMBA,ACOBAMBA,OR ACOBAMBA,222,OR,OPERATIVO,08:45 a 16:45,SI,SI,SI,SI,SI,SI,SI,SI,SI,Dos De Mayo N° 459
402,14.- HUANCAVELICA,HUANCAVELICA,ANGARAES,LIRCAY,OR ANGARAES,223,OR,OPERATIVO,08:45 a 16:45,SI,SI,SI,SI,SI,SI,SI,SI,SI,Centenario S/N - Barrio de Pueblo Nuevo - Dentro del Centro Civico
403,14.- HUANCAVELICA,HUANCAVELICA,CASTROVIRREYNA,CASTROVIRREYNA,OR CASTROVIRREYNA,224,OR,OPERATIVO,08:45 a 16:45,SI,SI,SI,SI,SI,SI,SI,SI,SI,Los Libertadores S/N
404,14.- HUANCAVELICA,HUANCAVELICA,TAYACAJA,PAMPAS,OR TAYACAJA,225,OR,OPERATIVO,08:45 a 16:45,NO,SI,SI,SI,SI,SI,SI,SI,SI,Manco Capac S/N con Jirón Alfonso Ugarte Cordova y Necochea - Coliseo Multiuso
405,14.- HUANCAVELICA,HUANCAVELICA,HUAYTARA,HUAYTARA,OR HUAYTARA,226,OR,OPERATIVO,08:45 a 16:45,SI,SI,SI,SI,SI,SI,SI,SI,SI,24 de Junio S/N - 2do piso Centro Cívico 
406,14.- HUANCAVELICA,HUANCAVELICA,CHURCAMPA,CHURCAMPA,OR CHURCAMPA,227,OR,OPERATIVO,08:45 a 16:45,SI,SI,SI,SI,SI,SI,SI,SI,SI,Real N° 255
407,14.- HUANCAVELICA,HUANCAVELICA,TAYACAJA,PAMPAS,ORA HOSPITAL DE PAMPAS (MINSA),362,ORA,OPERATIVO,08:45 a 16:45,SI,NO,NO,SI,SI,NO,NO,NO,NO,Bolívar S/N 
408,14.- HUANCAVELICA,HUANCAVELICA,ANGARAES,LIRCAY,ORA LIRCAY (MINSA),467,ORA,DESPLAZAMIENTO,08:45 a 16:45,SI,NO,NO,SI,SI,NO,NO,NO,NO,Esmeralda S/N
409,14.- HUANCAVELICA,HUANCAVELICA,TAYACAJA,SURCUBAMBA,AG SURCUBAMBA,498,AG,OPERATIVO,08:45 a 16:45,NO,NO,SI,SI,NO,SI,SI,NO,SI,Alfonso Ugarte S/N
410,14.- HUANCAVELICA,HUANCAVELICA,TAYACAJA,COLCABAMBA,AG COLCABAMBA,510,AG,OPERATIVO,08:45 a 16:45,NO,NO,SI,SI,NO,SI,SI,NO,SI,Av. Centenario S/N
411,14.- HUANCAVELICA,HUANCAVELICA,HUANCAVELICA,YAULI,ORA YAULI (MINSA),598,ORA,OPERATIVO,08:45 a 16:45,SI,NO,NO,SI,SI,NO,NO,NO,NO,Jorge Chávez S/N
412,14.- HUANCAVELICA,HUANCAVELICA,ACOBAMBA,PAUCARA,ORA PAUCARA (MINSA),468,ORA,OPERATIVO,08:45 a 16:45,SI,NO,NO,SI,SI,NO,NO,NO,NO,Lircay s/n
413,14.- HUANCAVELICA,HUANCAVELICA,CHURCAMPA,CHURCAMPA,ORA CHURCAMPA (MINSA),651,ORA,DESPLAZAMIENTO,08:45 a 16:45,SI,NO,NO,SI,SI,NO,NO,NO,NO,Ricardo Palma N° 535 (Instalaciones del Centro de Salud)
414,15.- HUANUCO,PASCO,PASCO,YANACANCHA,ORA DR. DANIEL ALCIDES CARRION GARCIA (MINSA),59,ORA,OPERATIVO,08:45 a 16:45,SI,NO,NO,SI,SI,NO,NO,NO,NO,Los Incas S/N Urb. San Juan
415,15.- HUANUCO,PASCO,OXAPAMPA,PUERTO BERMUDEZ,PAP PUERTO BERMÚDEZ,115,PAP,OPERATIVO,08:45 a 16:45,SI,NO,SI,SI,NO,SI,SI,NO,SI,Remigio Morales Bermúdez S/N
416,15.- HUANUCO,PASCO,PASCO,HUARIACA,PAP HUARIACA,116,PAP,OPERATIVO,08:45 a 16:45,NO,NO,SI,SI,NO,NO,NO,NO,NO,28 de Julio Nº 129
417,15.- HUANUCO,HUANUCO,HUANUCO,HUÁNUCO,ORA HOSPITAL REGIONAL HERMILIO VALDIZAN (MINSA),144,ORA,OPERATIVO,08:45 a 16:45,SI,NO,NO,SI,SI,NO,NO,NO,NO,Hermilio Valdizan Nº 950
418,15.- HUANUCO,PASCO,PASCO,PAUCARTAMBO,PAP PAUCARTAMBO,170,PAP,OPERATIVO,08:45 a 16:45,NO,NO,SI,SI,NO,SI,SI,NO,SI,Plaza 28 de Julio S/N
419,15.- HUANUCO,HUANUCO,HUANUCO,HUÁNUCO,OR HUANUCO,241,OR,OPERATIVO,08:45 a 16:45,SI,SI,SI,SI,SI,SI,SI,SI,SI,28 de Julio N° 825
420,15.- HUANUCO,HUANUCO,AMBO,AMBO,PAP AMBO,242,PAP,OPERATIVO,08:45 a 16:45,SI,NO,SI,SI,NO,NO,NO,NO,SI,"28 de Julio 697, Centro Cívico"
421,15.- HUANUCO,HUANUCO,DOS DE MAYO,LA UNION,PAP DOS DE MAYO,243,PAP,OPERATIVO,08:45 a 16:45,NO,NO,SI,SI,NO,NO,NO,NO,NO,Lourdes N° 221
422,15.- HUANUCO,HUANUCO,HUAMALIES,LLATA,PAP HUAMALIES,244,PAP,OPERATIVO,08:45 a 16:45,SI,NO,SI,SI,NO,NO,NO,NO,SI,Huánuco N° 242
423,15.- HUANUCO,HUANUCO,MARAÑON,HUACRACHUCO,PAP MARAÑON,245,PAP,OPERATIVO,08:45 a 16:45,NO,NO,SI,SI,NO,SI,SI,NO,NO,28 De Julio N° 602 
424,15.- HUANUCO,HUANUCO,LEONCIO PRADO,RUPA-RUPA,PAP LEONCIO PRADO,246,PAP,OPERATIVO,08:45 a 16:45,SI,SI,SI,SI,NO,SI,SI,SI,SI,Chiclayo N° 585
425,15.- HUANUCO,HUANUCO,PACHITEA,PANAO,PAP PACHITEA,247,PAP,OPERATIVO,08:45 a 16:45,SI,SI,SI,SI,NO,SI,SI,SI,SI,Espinar N° 121
426,15.- HUANUCO,HUANUCO,LAURICOCHA,JESÚS,PAP LAURICOCHA,250,PAP,OPERATIVO,08:45 a 16:45,NO,NO,SI,SI,NO,NO,NO,NO,NO,Cristobal Colon S/N
427,15.- HUANUCO,HUANUCO,YAROWILCA,CHAVINILLO,PAP YAROWILCA,251,PAP,OPERATIVO,08:45 a 16:45,SI,NO,SI,SI,NO,SI,SI,NO,SI,Virgen de Fátima S/N
428,15.- HUANUCO,PASCO,PASCO,CHAUPIMARCA,ORA HOSPITAL II PASCO (ESSALUD),340,ORA,OPERATIVO,08:45 a 16:45,SI,NO,NO,SI,SI,NO,NO,NO,NO,Barrio La Esperanza - Casa de Piedra
429,15.- HUANUCO,HUANUCO,PACHITEA,PANAO,ORA PANAO (MINSA),365,ORA,OPERATIVO,08:45 a 16:45,SI,NO,NO,SI,SI,NO,NO,NO,NO,Grau Nº 193
430,15.- HUANUCO,HUANUCO,LEONCIO PRADO,RUPA-RUPA,ORA HOSPITAL TINGO MARIA (MINSA),366,ORA,OPERATIVO,08:45 a 16:45,SI,NO,NO,SI,SI,NO,NO,NO,NO,Mapresa S/N Luyando
431,15.- HUANUCO,HUANUCO,LEONCIO PRADO,JOSÉ CRESPO Y CASTILLO,ORA AUCAYACU (MINSA),367,ORA,OPERATIVO,08:45 a 16:45,SI,NO,NO,SI,SI,NO,NO,NO,NO,Grau S/N cuadra 4
432,15.- HUANUCO,HUANUCO,HUAMALIES,LLATA,ORA LLATA (MINSA),368,ORA,OPERATIVO,08:45 a 16:45,SI,NO,NO,SI,SI,NO,NO,NO,NO,28 de Julio N° 216
433,15.- HUANUCO,HUANUCO,DOS DE MAYO,LA UNION,ORA LA UNION (MINSA),451,ORA,OPERATIVO,08:45 a 16:45,SI,NO,NO,SI,SI,NO,NO,NO,NO,Dos de Mayo N° 185
434,15.- HUANUCO,HUANUCO,LEONCIO PRADO,JOSÉ CRESPO Y CASTILLO,PAP JOSE CRESPO Y CASTILLO,477,PAP,OPERATIVO,08:45 a 16:45,SI,NO,SI,SI,NO,SI,SI,NO,SI,Maria Parado de Bellido S/N Cuadra 4
435,15.- HUANUCO,HUANUCO,LAURICOCHA,BAÑOS,AG BAÑOS,497,AG,DESPLAZAMIENTO,08:45 a 16:45,NO,NO,SI,SI,NO,NO,NO,NO,NO,Plaza de Armas S/N
436,15.- HUANUCO,PASCO,PASCO,YANACANCHA,AG PASCO,501,AG,OPERATIVO,08:45 a 16:45,SI,SI,SI,SI,NO,SI,SI,SI,SI,"Centro Comercial ""Sector Dos de San Juan Pampa Edif. 4 Tienda 3 San Juan-Yanacancha"
437,15.- HUANUCO,PASCO,DANIEL ALCIDES CARRION,YANAHUANCA,PAP DANIEL ALCIDES CARRIÓN,502,PAP,OPERATIVO,08:45 a 16:45,NO,NO,SI,SI,NO,SI,SI,NO,NO,Jorge Chavez S/N Plaza Principal
438,15.- HUANUCO,PASCO,OXAPAMPA,OXAPAMPA,PAP OXAPAMPA,503,PAP,OPERATIVO,08:45 a 16:45,SI,SI,SI,SI,NO,SI,SI,SI,SI,Huancabamba S/N Mz. 162 Estadio Municipal Oxapampa
439,15.- HUANUCO,SAN MARTIN,TOCACHE,UCHIZA,AG UCHIZA,541,AG,OPERATIVO,08:45 a 16:45,NO,NO,SI,SI,NO,NO,NO,NO,NO,Atahualpa N° 920
440,15.- HUANUCO,PASCO,OXAPAMPA,PALCAZÚ,AG PALCAZU,580,AG,OPERATIVO,08:45 a 16:45,SI,NO,SI,SI,NO,SI,SI,NO,SI,Juan Santos Atahualpa Mz. U Lt. 01
441,15.- HUANUCO,SAN MARTIN,TOCACHE,TOCACHE,PAP TOCACHE,588,PAP,OPERATIVO,08:45 a 16:45,SI,SI,SI,SI,NO,SI,SI,SI,SI,San Juan Cdra 7 S/N Centro Cívico
442,15.- HUANUCO,HUANUCO,HUANUCO,CHINCHAO,ORA ACOMAYO (MINSA),596,ORA,OPERATIVO,08:45 a 16:45,SI,NO,NO,SI,SI,NO,NO,NO,NO,Iguarizo S/N Mz. 6 Lt. 02
443,15.- HUANUCO,SAN MARTIN,TOCACHE,TOCACHE,ORA HOSPITAL DE TOCACHE (MINSA),650,ORA,OPERATIVO,08:45 a 16:45,SI,NO,NO,SI,SI,NO,NO,NO,NO,Ricardo Palma N° 550
444,15.- HUANUCO,HUANUCO,HUANUCO,SANTA MARIA DEL VALLE,ORA SANTA MARIA DEL VALLE (MINSA),653,ORA,DESPLAZAMIENTO,08:45 a 16:45,SI,NO,NO,SI,SI,NO,NO,NO,NO,Libertad  S/N Intersección Carretera Central 
445,15.- HUANUCO,HUANUCO,HUANUCO ,AMARILIS ,ORA CARLOS SHOWING FERRARI (MINSA),749,ORA,OPERATIVO,08:45 a 16:45,SI,NO,NO,SI,SI,NO,NO,NO,NO,Micaela Bastidas S/N Paucarbamba 
446,15.- HUANUCO,PASCO,OXAPAMPA,OXAPAMPA,ORA HOSPITAL ERNESTO GERMAN GUZMAN GONZALES (MINSA),660,ORA,DESPLAZAMIENTO,08:45 a 16:45,SI,NO,NO,SI,SI,NO,NO,NO,NO,Eduardo Loechle S/N - Chontabamba
447,15.- HUANUCO,HUANUCO,HUANUCO,HUANUCO,MAC - HUANUCO,802,MAC,OPERATIVO,08:30 a 16:30,SI,SI,SI,SI,NO,SI,SI,SI,SI,"Independencia N° 1601, Centro Comercial Real Plaza, Primer Piso"
448,15.- HUANUCO,HUANUCO,PACHITEA,UMARI,ORA TAMBILLO UMARI (MINSA),597,ORA,DESPLAZAMIENTO,08:45 a 16:45,SI,NO,NO,SI,SI,NO,NO,NO,NO,Huanuco - Panao Km 37
449,15.- HUANUCO,HUANUCO,YAROWILCA,CHAVINILLO,ORA CHAVINILLO (MINSA),644,ORA,OPERATIVO,08:45 a 16:45,SI,NO,NO,SI,SI,NO,NO,NO,NO,San Juan N° 102
450,15.- HUANUCO,PASCO,OXAPAMPA,CONSTITUCIÓN,AG CONSTITUCION,548,AG,OPERATIVO,08:45 a 16:45,NO,NO,SI,SI,NO,NO,NO,NO,NO,Fernando Belaunde S/N 4ta Etapa del Distrito de Constitución
451,16.- AMAZONAS,AMAZONAS,CHACHAPOYAS,CHACHAPOYAS,OR CHACHAPOYAS,1,OR,OPERATIVO,08:45 a 16:45,SI,SI,SI,SI,NO,SI,SI,SI,SI,Triunfo Nº 903 1° Piso
452,16.- AMAZONAS,AMAZONAS,BAGUA,BAGUA,PAP BAGUA,2,PAP,OPERATIVO,08:45 a 16:45,SI,SI,SI,SI,NO,SI,SI,SI,SI,Los Cedros Nº 263
453,16.- AMAZONAS,AMAZONAS,BONGARA,JAZAN,AG BONGARA,3,AG,OPERATIVO,08:45 a 16:45,SI,NO,SI,SI,NO,SI,SI,NO,SI,Marginal  Nº 100 -Pedro Ruíz
454,16.- AMAZONAS,AMAZONAS,LUYA ,LUYA ,AG LUYA,4,AG,DESPLAZAMIENTO,08:45 a 16:45,SI,NO,SI,SI,NO,NO,NO,NO,SI,Diego Mori Zuta N° 447
455,16.- AMAZONAS,AMAZONAS,RODRIGUEZ DE MENDOZA,SAN NICOLÁS,AG RODRIGUEZ DE MENDOZA,5,AG,DESPLAZAMIENTO,08:45 a 16:45,SI,NO,SI,SI,NO,NO,NO,NO,SI,Victor Mori N° 204
456,16.- AMAZONAS,AMAZONAS,CONDORCANQUI,NIEVA,PAP CONDORCANQUI,6,PAP,DESPLAZAMIENTO,08:45 a 16:45,SI,NO,SI,SI,NO,SI,SI,NO,SI,Gonzalo puerta S/N
457,16.- AMAZONAS,AMAZONAS,UTCUBAMBA,BAGUA GRANDE,PAP UTCUBAMBA,7,PAP,OPERATIVO,08:45 a 16:45,SI,SI,SI,SI,NO,SI,SI,SI,SI,Simón Bolivar N° 545
458,16.- AMAZONAS,CAJAMARCA,JAEN,JAEN,OR JAEN,158,OR,OPERATIVO,08:45 a 16:45,SI,SI,SI,SI,NO,SI,SI,SI,SI,Mariscal Ureta Nº 915
459,16.- AMAZONAS,CAJAMARCA,SAN IGNACIO,SAN IGNACIO,PAP SAN IGNACIO,161,PAP,OPERATIVO,08:45 a 16:45,SI,NO,SI,SI,NO,SI,SI,NO,SI,Santo Domingo Nº 169
460,16.- AMAZONAS,AMAZONAS,BAGUA,IMAZA,OR IMAZA,234,OR,OPERATIVO,08:45 a 16:45,SI,SI,SI,SI,SI,SI,SI,SI,SI,Awajun 751 Centro Poblado Chiriaco
461,16.- AMAZONAS,AMAZONAS,CHACHAPOYAS,CHACHAPOYAS,ORA HOSPITAL REGIONAL VIRGEN DE FATIMA (MINSA),363,ORA,OPERATIVO,08:45 a 16:45,SI,SI,NO,SI,SI,NO,NO,NO,NO,Daniel Alcides Carrión N° 035
462,16.- AMAZONAS,AMAZONAS,BAGUA,BAGUA,ORA HOSPITAL DE APOYO GUSTAVO LANATTA LUJAN (MINSA),452,ORA,OPERATIVO,08:45 a 16:45,SI,SI,NO,SI,SI,NO,NO,NO,NO,Héroes de Cenepa N°980
463,16.- AMAZONAS,CAJAMARCA,JAEN,JAEN,ORA HOSPITAL GENERAL DE JAEN (MINSA),453,ORA,OPERATIVO,08:45 a 16:45,SI,SI,NO,SI,SI,NO,NO,NO,NO,Huamantanga s/n
464,16.- AMAZONAS,AMAZONAS,BAGUA,IMAZA,ORA CHIRIACO (MINSA),471,ORA,OPERATIVO,08:45 a 16:45,SI,SI,NO,SI,SI,NO,NO,NO,NO,Junin S/N
465,16.- AMAZONAS,AMAZONAS,UTCUBAMBA,BAGUA GRANDE,ORA HOSPITAL DE APOYO SANTIAGO APOSTOL DE UTCUBAMBA (MINSA),472,ORA,OPERATIVO,08:45 a 16:45,SI,SI,NO,SI,SI,NO,NO,NO,NO,San Felipe Santiago N°111
466,16.- AMAZONAS,CAJAMARCA,SAN IGNACIO,SAN IGNACIO,ORA SAN IGNACIO (MINSA),476,ORA,OPERATIVO,08:45 a 16:45,SI,SI,NO,SI,SI,NO,NO,NO,NO,"Abelardo Quiñones S/N, Sector Santiago"
467,16.- AMAZONAS,AMAZONAS,BONGARA,FLORIDA,ORA POMACOCHAS (MINSA),619,ORA,OPERATIVO,08:45 a 16:45,SI,SI,NO,SI,SI,NO,NO,NO,NO,Pomacochas S/N 
468,16.- AMAZONAS,CAJAMARCA,JAEN,PUCARA,PAP PUCARA,720,PAP,DESPLAZAMIENTO,08:45 a 16:45,SI,SI,SI,SI,NO,NO,NO,NO,NO,Lindo 548
469,16.- AMAZONAS,AMAZONAS,CONDORCANQUI,NIEVA,ORA SANTA MARIA DE NIEVA (MINSA),344,ORA,OPERATIVO,08:45 a 16:45,SI,SI,NO,SI,SI,NO,NO,NO,NO,"Javier Pérez de Cuellar S/N 
Mz. N Lt. 03 Asent.Humano Héctor Peas Tsegkuan"
470,16.- AMAZONAS,AMAZONAS,UTCUBAMBA,LONYA GRANDE,ORA LONYA GRANDE (MINSA),652,ORA,OPERATIVO,08:45 a 16:45,SI,SI,SI,SI,SI,NO,NO,NO,NO,Alto Amazonas 340
471,16.- AMAZONAS,AMAZONAS,CONDORCANQUI,RIO SANTIAGO,ORA GALILEA (MINSA),475,ORA,OPERATIVO,08:45 a 16:45,SI,SI,NO,SI,SI,NO,NO,NO,NO,La Amistad S/N
472,16.- AMAZONAS,AMAZONAS,CONDORCANQUI,EL CENEPA,ORA HUAMPAMI (MINSA),654,ORA,DESPLAZAMIENTO,08:45 a 16:45,SI,SI,NO,SI,NO,NO,NO,NO,NO,Bikut S/N
,,,,,,,,,,,,,,,,,,,
,,,,,,,,,,,,,,,,,,,
,,,,,,,,,,,,,,,,,,,
,,,,,,,,,,,,,,,,,,,
,,,,,,,,,,,,,,,,,,,
,,,,,,,,,,,,,,,,,,,
,,,,,,,,,,,,,,,,,,,
,,,,,,,,,,,,,,,,,,,
,,,,,,,,,,,,,,,,,,,
,,,,,,,,,,,,,,,,,,,
,,,,,,,,,,,,,,,,,,,
,,,,,,,,,,,,,,,,,,,
,,,,,,,,,,,,,,,,,,,
,,,,,,,,,,,,,,,,,,,
,,,,,,,,,,,,,,,,,,,
,,,,,,,,,,,,,,,,,,,
,,,,,,,,,,,,,,,,,,,
,,,,,,,,,,,,,,,,,,,
,,,,,,,,,,,,,,,,,,,
,,,,,,,,,,,,,,,,,,,
,,,,,,,,,,,,,,,,,,,
,,,,,,,,,,,,,,,,,,,
,,,,,,,,,,,,,,,,,,,
,,,,,,,,,,,,,,,,,,,
,,,,,,,,,,,,,,,,,,,
,,,,,,,,,,,,,,,,,,,
,,,,,,,,,,,,,,,,,,,
,,,,,,,,,,,,,,,,,,,
,,,,,,,,,,,,,,,,,,,
,,,,,,,,,,,,,,,,,,,
,,,,,,,,,,,,,,,,,,,
,,,,,,,,,,,,,,,,,,,
,,,,,,,,,,,,,,,,,,,
,,,,,,,,,,,,,,,,,,,
,,,,,,,,,,,,,,,,,,,
,,,,,,,,,,,,,,,,,,,
,,,,,,,,,,,,,,,,,,,
,,,,,,,,,,,,,,,,,,,
,,,,,,,,,,,,,,,,,,,
,,,,,,,,,,,,,,,,,,,
,,,,,,,,,,,,,,,,,,,
,,,,,,,,,,,,,,,,,,,
,,,,,,,,,,,,,,,,,,,
,,,,,,,,,,,,,,,,,,,
,,,,,,,,,,,,,,,,,,,
,,,,,,,,,,,,,,,,,,,
,,,,,,,,,,,,,,,,,,,
,,,,,,,,,,,,,,,,,,,
,,,,,,,,,,,,,,,,,,,
,,,,,,,,,,,,,,,,,,,
,,,,,,,,,,,,,,,,,,,
,,,,,,,,,,,,,,,,,,,
,,,,,,,,,,,,,,,,,,,
,,,,,,,,,,,,,,,,,,,
,,,,,,,,,,,,,,,,,,,
,,,,,,,,,,,,,,,,,,,
,,,,,,,,,,,,,,,,,,,
,,,,,,,,,,,,,,,,,,,
,,,,,,,,,,,,,,,,,,,
,,,,,,,,,,,,,,,,,,,
,,,,,,,,,,,,,,,,,,,
,,,,,,,,,,,,,,,,,,,
,,,,,,,,,,,,,,,,,,,
,,,,,,,,,,,,,,,,,,,
,,,,,,,,,,,,,,,,,,,
,,,,,,,,,,,,,,,,,,,
,,,,,,,,,,,,,,,,,,,
,,,,,,,,,,,,,,,,,,,
,,,,,,,,,,,,,,,,,,,
,,,,,,,,,,,,,,,,,,,
,,,,,,,,,,,,,,,,,,,
,,,,,,,,,,,,,,,,,,,
,,,,,,,,,,,,,,,,,,,
,,,,,,,,,,,,,,,,,,,
,,,,,,,,,,,,,,,,,,,
,,,,,,,,,,,,,,,,,,,
,,,,,,,,,,,,,,,,,,,
,,,,,,,,,,,,,,,,,,,
,,,,,,,,,,,,,,,,,,,
,,,,,,,,,,,,,,,,,,,
,,,,,,,,,,,,,,,,,,,
,,,,,,,,,,,,,,,,,,,
,,,,,,,,,,,,,,,,,,,
,,,,,,,,,,,,,,,,,,,
,,,,,,,,,,,,,,,,,,,
,,,,,,,,,,,,,,,,,,,
,,,,,,,,,,,,,,,,,,,
,,,,,,,,,,,,,,,,,,,
,,,,,,,,,,,,,,,,,,,
,,,,,,,,,,,,,,,,,,,
,,,,,,,,,,,,,,,,,,,
,,,,,,,,,,,,,,,,,,,
,,,,,,,,,,,,,,,,,,,
,,,,,,,,,,,,,,,,,,,
,,,,,,,,,,,,,,,,,,,
,,,,,,,,,,,,,,,,,,,
,,,,,,,,,,,,,,,,,,,
,,,,,,,,,,,,,,,,,,,
,,,,,,,,,,,,,,,,,,,
,,,,,,,,,,,,,,,,,,,
,,,,,,,,,,,,,,,,,,,
,,,,,,,,,,,,,,,,,,,
,,,,,,,,,,,,,,,,,,,
,,,,,,,,,,,,,,,,,,,
,,,,,,,,,,,,,,,,,,,
,,,,,,,,,,,,,,,,,,,
,,,,,,,,,,,,,,,,,,,
,,,,,,,,,,,,,,,,,,,
,,,,,,,,,,,,,,,,,,,
,,,,,,,,,,,,,,,,,,,
,,,,,,,,,,,,,,,,,,,
,,,,,,,,,,,,,,,,,,,
,,,,,,,,,,,,,,,,,,,
,,,,,,,,,,,,,,,,,,,
,,,,,,,,,,,,,,,,,,,
,,,,,,,,,,,,,,,,,,,
,,,,,,,,,,,,,,,,,,,
,,,,,,,,,,,,,,,,,,,
,,,,,,,,,,,,,,,,,,,
,,,,,,,,,,,,,,,,,,,
,,,,,,,,,,,,,,,,,,,
,,,,,,,,,,,,,,,,,,,
,,,,,,,,,,,,,,,,,,,
,,,,,,,,,,,,,,,,,,,
,,,,,,,,,,,,,,,,,,,
,,,,,,,,,,,,,,,,,,,
,,,,,,,,,,,,,,,,,,,
,,,,,,,,,,,,,,,,,,,
,,,,,,,,,,,,,,,,,,,
,,,,,,,,,,,,,,,,,,,
,,,,,,,,,,,,,,,,,,,
,,,,,,,,,,,,,,,,,,,
,,,,,,,,,,,,,,,,,,,
,,,,,,,,,,,,,,,,,,,
,,,,,,,,,,,,,,,,,,,
,,,,,,,,,,,,,,,,,,,
,,,,,,,,,,,,,,,,,,,
,,,,,,,,,,,,,,,,,,,
,,,,,,,,,,,,,,,,,,,
,,,,,,,,,,,,,,,,,,,
,,,,,,,,,,,,,,,,,,,
,,,,,,,,,,,,,,,,,,,
,,,,,,,,,,,,,,,,,,,
,,,,,,,,,,,,,,,,,,,
,,,,,,,,,,,,,,,,,,,
,,,,,,,,,,,,,,,,,,,
,,,,,,,,,,,,,,,,,,,
,,,,,,,,,,,,,,,,,,,
,,,,,,,,,,,,,,,,,,,
,,,,,,,,,,,,,,,,,,,
,,,,,,,,,,,,,,,,,,,
,,,,,,,,,,,,,,,,,,,
,,,,,,,,,,,,,,,,,,,
,,,,,,,,,,,,,,,,,,,
,,,,,,,,,,,,,,,,,,,
,,,,,,,,,,,,,,,,,,,
,,,,,,,,,,,,,,,,,,,
,,,,,,,,,,,,,,,,,,,
,,,,,,,,,,,,,,,,,,,
,,,,,,,,,,,,,,,,,,,
,,,,,,,,,,,,,,,,,,,
,,,,,,,,,,,,,,,,,,,
,,,,,,,,,,,,,,,,,,,
,,,,,,,,,,,,,,,,,,,
,,,,,,,,,,,,,,,,,,,
,,,,,,,,,,,,,,,,,,,
,,,,,,,,,,,,,,,,,,,
,,,,,,,,,,,,,,,,,,,
,,,,,,,,,,,,,,,,,,,
,,,,,,,,,,,,,,,,,,,
,,,,,,,,,,,,,,,,,,,
,,,,,,,,,,,,,,,,,,,
,,,,,,,,,,,,,,,,,,,
,,,,,,,,,,,,,,,,,,,
,,,,,,,,,,,,,,,,,,,
,,,,,,,,,,,,,,,,,,,
,,,,,,,,,,,,,,,,,,,
,,,,,,,,,,,,,,,,,,,
,,,,,,,,,,,,,,,,,,,
,,,,,,,,,,,,,,,,,,,
,,,,,,,,,,,,,,,,,,,
,,,,,,,,,,,,,,,,,,,
,,,,,,,,,,,,,,,,,,,
,,,,,,,,,,,,,,,,,,,
,,,,,,,,,,,,,,,,,,,
,,,,,,,,,,,,,,,,,,,
,,,,,,,,,,,,,,,,,,,
,,,,,,,,,,,,,,,,,,,
,,,,,,,,,,,,,,,,,,,
,,,,,,,,,,,,,,,,,,,
,,,,,,,,,,,,,,,,,,,
,,,,,,,,,,,,,,,,,,,
,,,,,,,,,,,,,,,,,,,
,,,,,,,,,,,,,,,,,,,
,,,,,,,,,,,,,,,,,,,
,,,,,,,,,,,,,,,,,,,
,,,,,,,,,,,,,,,,,,,
,,,,,,,,,,,,,,,,,,,
,,,,,,,,,,,,,,,,,,,
,,,,,,,,,,,,,,,,,,,
,,,,,,,,,,,,,,,,,,,
,,,,,,,,,,,,,,,,,,,
,,,,,,,,,,,,,,,,,,,
,,,,,,,,,,,,,,,,,,,
,,,,,,,,,,,,,,,,,,,
,,,,,,,,,,,,,,,,,,,
,,,,,,,,,,,,,,,,,,,
,,,,,,,,,,,,,,,,,,,
,,,,,,,,,,,,,,,,,,,
,,,,,,,,,,,,,,,,,,,
,,,,,,,,,,,,,,,,,,,
,,,,,,,,,,,,,,,,,,,
,,,,,,,,,,,,,,,,,,,
,,,,,,,,,,,,,,,,,,,
,,,,,,,,,,,,,,,,,,,
,,,,,,,,,,,,,,,,,,,
,,,,,,,,,,,,,,,,,,,
,,,,,,,,,,,,,,,,,,,
,,,,,,,,,,,,,,,,,,,
,,,,,,,,,,,,,,,,,,,
,,,,,,,,,,,,,,,,,,,
,,,,,,,,,,,,,,,,,,,
,,,,,,,,,,,,,,,,,,,
,,,,,,,,,,,,,,,,,,,
,,,,,,,,,,,,,,,,,,,
,,,,,,,,,,,,,,,,,,,
,,,,,,,,,,,,,,,,,,,
,,,,,,,,,,,,,,,,,,,
,,,,,,,,,,,,,,,,,,,
,,,,,,,,,,,,,,,,,,,
,,,,,,,,,,,,,,,,,,,
,,,,,,,,,,,,,,,,,,,
,,,,,,,,,,,,,,,,,,,
,,,,,,,,,,,,,,,,,,,
,,,,,,,,,,,,,,,,,,,
,,,,,,,,,,,,,,,,,,,
,,,,,,,,,,,,,,,,,,,
,,,,,,,,,,,,,,,,,,,
,,,,,,,,,,,,,,,,,,,
,,,,,,,,,,,,,,,,,,,
,,,,,,,,,,,,,,,,,,,
,,,,,,,,,,,,,,,,,,,
,,,,,,,,,,,,,,,,,,,
,,,,,,,,,,,,,,,,,,,
,,,,,,,,,,,,,,,,,,,
,,,,,,,,,,,,,,,,,,,
,,,,,,,,,,,,,,,,,,,
,,,,,,,,,,,,,,,,,,,
,,,,,,,,,,,,,,,,,,,
,,,,,,,,,,,,,,,,,,,
,,,,,,,,,,,,,,,,,,,
,,,,,,,,,,,,,,,,,,,
,,,,,,,,,,,,,,,,,,,
,,,,,,,,,,,,,,,,,,,
,,,,,,,,,,,,,,,,,,,
,,,,,,,,,,,,,,,,,,,
,,,,,,,,,,,,,,,,,,,
,,,,,,,,,,,,,,,,,,,
,,,,,,,,,,,,,,,,,,,
,,,,,,,,,,,,,,,,,,,
,,,,,,,,,,,,,,,,,,,
,,,,,,,,,,,,,,,,,,,
,,,,,,,,,,,,,,,,,,,
,,,,,,,,,,,,,,,,,,,
,,,,,,,,,,,,,,,,,,,
,,,,,,,,,,,,,,,,,,,
,,,,,,,,,,,,,,,,,,,
,,,,,,,,,,,,,,,,,,,
,,,,,,,,,,,,,,,,,,,
,,,,,,,,,,,,,,,,,,,
,,,,,,,,,,,,,,,,,,,
,,,,,,,,,,,,,,,,,,,
,,,,,,,,,,,,,,,,,,,
,,,,,,,,,,,,,,,,,,,
,,,,,,,,,,,,,,,,,,,
,,,,,,,,,,,,,,,,,,,
,,,,,,,,,,,,,,,,,,,
,,,,,,,,,,,,,,,,,,,
,,,,,,,,,,,,,,,,,,,
,,,,,,,,,,,,,,,,,,,
,,,,,,,,,,,,,,,,,,,
,,,,,,,,,,,,,,,,,,,
,,,,,,,,,,,,,,,,,,,
,,,,,,,,,,,,,,,,,,,
,,,,,,,,,,,,,,,,,,,
,,,,,,,,,,,,,,,,,,,
,,,,,,,,,,,,,,,,,,,
,,,,,,,,,,,,,,,,,,,
,,,,,,,,,,,,,,,,,,,
,,,,,,,,,,,,,,,,,,,
,,,,,,,,,,,,,,,,,,,
,,,,,,,,,,,,,,,,,,,
,,,,,,,,,,,,,,,,,,,
,,,,,,,,,,,,,,,,,,,
,,,,,,,,,,,,,,,,,,,
,,,,,,,,,,,,,,,,,,,
,,,,,,,,,,,,,,,,,,,
,,,,,,,,,,,,,,,,,,,
,,,,,,,,,,,,,,,,,,,
,,,,,,,,,,,,,,,,,,,
,,,,,,,,,,,,,,,,,,,
,,,,,,,,,,,,,,,,,,,
,,,,,,,,,,,,,,,,,,,
,,,,,,,,,,,,,,,,,,,
,,,,,,,,,,,,,,,,,,,
,,,,,,,,,,,,,,,,,,,
,,,,,,,,,,,,,,,,,,,
,,,,,,,,,,,,,,,,,,,
,,,,,,,,,,,,,,,,,,,
,,,,,,,,,,,,,,,,,,,
,,,,,,,,,,,,,,,,,,,
,,,,,,,,,,,,,,,,,,,
,,,,,,,,,,,,,,,,,,,
,,,,,,,,,,,,,,,,,,,
,,,,,,,,,,,,,,,,,,,
,,,,,,,,,,,,,,,,,,,
,,,,,,,,,,,,,,,,,,,
,,,,,,,,,,,,,,,,,,,
,,,,,,,,,,,,,,,,,,,
,,,,,,,,,,,,,,,,,,,
,,,,,,,,,,,,,,,,,,,
,,,,,,,,,,,,,,,,,,,
,,,,,,,,,,,,,,,,,,,
,,,,,,,,,,,,,,,,,,,
,,,,,,,,,,,,,,,,,,,
,,,,,,,,,,,,,,,,,,,
,,,,,,,,,,,,,,,,,,,
,,,,,,,,,,,,,,,,,,,
,,,,,,,,,,,,,,,,,,,
,,,,,,,,,,,,,,,,,,,
,,,,,,,,,,,,,,,,,,,
,,,,,,,,,,,,,,,,,,,
,,,,,,,,,,,,,,,,,,,
,,,,,,,,,,,,,,,,,,,
,,,,,,,,,,,,,,,,,,,
,,,,,,,,,,,,,,,,,,,
,,,,,,,,,,,,,,,,,,,
,,,,,,,,,,,,,,,,,,,
,,,,,,,,,,,,,,,,,,,
,,,,,,,,,,,,,,,,,,,
,,,,,,,,,,,,,,,,,,,
,,,,,,,,,,,,,,,,,,,
,,,,,,,,,,,,,,,,,,,
,,,,,,,,,,,,,,,,,,,
,,,,,,,,,,,,,,,,,,,
,,,,,,,,,,,,,,,,,,,
,,,,,,,,,,,,,,,,,,,
,,,,,,,,,,,,,,,,,,,
,,,,,,,,,,,,,,,,,,,
,,,,,,,,,,,,,,,,,,,
,,,,,,,,,,,,,,,,,,,
,,,,,,,,,,,,,,,,,,,
,,,,,,,,,,,,,,,,,,,
,,,,,,,,,,,,,,,,,,,
,,,,,,,,,,,,,,,,,,,
,,,,,,,,,,,,,,,,,,,
,,,,,,,,,,,,,,,,,,,
,,,,,,,,,,,,,,,,,,,
,,,,,,,,,,,,,,,,,,,
,,,,,,,,,,,,,,,,,,,
,,,,,,,,,,,,,,,,,,,
,,,,,,,,,,,,,,,,,,,
,,,,,,,,,,,,,,,,,,,
,,,,,,,,,,,,,,,,,,,
,,,,,,,,,,,,,,,,,,,
,,,,,,,,,,,,,,,,,,,
,,,,,,,,,,,,,,,,,,,
,,,,,,,,,,,,,,,,,,,
,,,,,,,,,,,,,,,,,,,
,,,,,,,,,,,,,,,,,,,
,,,,,,,,,,,,,,,,,,,
,,,,,,,,,,,,,,,,,,,
,,,,,,,,,,,,,,,,,,,
,,,,,,,,,,,,,,,,,,,
,,,,,,,,,,,,,,,,,,,
,,,,,,,,,,,,,,,,,,,
,,,,,,,,,,,,,,,,,,,
,,,,,,,,,,,,,,,,,,,
,,,,,,,,,,,,,,,,,,,
,,,,,,,,,,,,,,,,,,,
,,,,,,,,,,,,,,,,,,,
,,,,,,,,,,,,,,,,,,,
,,,,,,,,,,,,,,,,,,,
,,,,,,,,,,,,,,,,,,,
,,,,,,,,,,,,,,,,,,,
,,,,,,,,,,,,,,,,,,,
,,,,,,,,,,,,,,,,,,,
,,,,,,,,,,,,,,,,,,,
,,,,,,,,,,,,,,,,,,,
,,,,,,,,,,,,,,,,,,,
,,,,,,,,,,,,,,,,,,,
,,,,,,,,,,,,,,,,,,,
,,,,,,,,,,,,,,,,,,,
,,,,,,,,,,,,,,,,,,,
,,,,,,,,,,,,,,,,,,,
,,,,,,,,,,,,,,,,,,,
,,,,,,,,,,,,,,,,,,,
,,,,,,,,,,,,,,,,,,,
,,,,,,,,,,,,,,,,,,,
,,,,,,,,,,,,,,,,,,,
,,,,,,,,,,,,,,,,,,,
,,,,,,,,,,,,,,,,,,,
,,,,,,,,,,,,,,,,,,,
,,,,,,,,,,,,,,,,,,,
,,,,,,,,,,,,,,,,,,,
,,,,,,,,,,,,,,,,,,,
,,,,,,,,,,,,,,,,,,,
,,,,,,,,,,,,,,,,,,,
,,,,,,,,,,,,,,,,,,,
,,,,,,,,,,,,,,,,,,,
,,,,,,,,,,,,,,,,,,,
,,,,,,,,,,,,,,,,,,,
,,,,,,,,,,,,,,,,,,,
,,,,,,,,,,,,,,,,,,,
,,,,,,,,,,,,,,,,,,,
,,,,,,,,,,,,,,,,,,,
,,,,,,,,,,,,,,,,,,,
,,,,,,,,,,,,,,,,,,,
,,,,,,,,,,,,,,,,,,,
,,,,,,,,,,,,,,,,,,,
,,,,,,,,,,,,,,,,,,,
,,,,,,,,,,,,,,,,,,,
,,,,,,,,,,,,,,,,,,,
,,,,,,,,,,,,,,,,,,,
,,,,,,,,,,,,,,,,,,,
,,,,,,,,,,,,,,,,,,,
,,,,,,,,,,,,,,,,,,,
,,,,,,,,,,,,,,,,,,,
,,,,,,,,,,,,,,,,,,,
,,,,,,,,,,,,,,,,,,,
,,,,,,,,,,,,,,,,,,,
,,,,,,,,,,,,,,,,,,,
,,,,,,,,,,,,,,,,,,,
,,,,,,,,,,,,,,,,,,,
,,,,,,,,,,,,,,,,,,,
,,,,,,,,,,,,,,,,,,,
,,,,,,,,,,,,,,,,,,,
,,,,,,,,,,,,,,,,,,,
,,,,,,,,,,,,,,,,,,,
,,,,,,,,,,,,,,,,,,,
,,,,,,,,,,,,,,,,,,,
,,,,,,,,,,,,,,,,,,,
,,,,,,,,,,,,,,,,,,,
,,,,,,,,,,,,,,,,,,,
,,,,,,,,,,,,,,,,,,,
,,,,,,,,,,,,,,,,,,,
,,,,,,,,,,,,,,,,,,,
,,,,,,,,,,,,,,,,,,,
,,,,,,,,,,,,,,,,,,,
,,,,,,,,,,,,,,,,,,,
,,,,,,,,,,,,,,,,,,,
,,,,,,,,,,,,,,,,,,,
,,,,,,,,,,,,,,,,,,,
,,,,,,,,,,,,,,,,,,,
,,,,,,,,,,,,,,,,,,,
,,,,,,,,,,,,,,,,,,,
,,,,,,,,,,,,,,,,,,,
,,,,,,,,,,,,,,,,,,,
,,,,,,,,,,,,,,,,,,,
,,,,,,,,,,,,,,,,,,,
,,,,,,,,,,,,,,,,,,,
,,,,,,,,,,,,,,,,,,,
,,,,,,,,,,,,,,,,,,,
,,,,,,,,,,,,,,,,,,,
,,,,,,,,,,,,,,,,,,,
,,,,,,,,,,,,,,,,,,,
,,,,,,,,,,,,,,,,,,,
,,,,,,,,,,,,,,,,,,,
,,,,,,,,,,,,,,,,,,,
,,,,,,,,,,,,,,,,,,,
,,,,,,,,,,,,,,,,,,,
,,,,,,,,,,,,,,,,,,,
,,,,,,,,,,,,,,,,,,,
,,,,,,,,,,,,,,,,,,,
,,,,,,,,,,,,,,,,,,,
,,,,,,,,,,,,,,,,,,,
,,,,,,,,,,,,,,,,,,,
,,,,,,,,,,,,,,,,,,,
,,,,,,,,,,,,,,,,,,,
,,,,,,,,,,,,,,,,,,,
,,,,,,,,,,,,,,,,,,,
,,,,,,,,,,,,,,,,,,,
,,,,,,,,,,,,,,,,,,,
,,,,,,,,,,,,,,,,,,,
,,,,,,,,,,,,,,,,,,,
,,,,,,,,,,,,,,,,,,,
,,,,,,,,,,,,,,,,,,,
,,,,,,,,,,,,,,,,,,,
,,,,,,,,,,,,,,,,,,,
,,,,,,,,,,,,,,,,,,,
,,,,,,,,,,,,,,,,,,,
,,,,,,,,,,,,,,,,,,,
,,,,,,,,,,,,,,,,,,,
,,,,,,,,,,,,,,,,,,,
,,,,,,,,,,,,,,,,,,,
,,,,,,,,,,,,,,,,,,,
,,,,,,,,,,,,,,,,,,,
,,,,,,,,,,,,,,,,,,,
,,,,,,,,,,,,,,,,,,,
,,,,,,,,,,,,,,,,,,,
,,,,,,,,,,,,,,,,,,,
,,,,,,,,,,,,,,,,,,,
,,,,,,,,,,,,,,,,,,,
,,,,,,,,,,,,,,,,,,,
,,,,,,,,,,,,,,,,,,,
,,,,,,,,,,,,,,,,,,,
,,,,,,,,,,,,,,,,,,,
,,,,,,,,,,,,,,,,,,,
,,,,,,,,,,,,,,,,,,,
,,,,,,,,,,,,,,,,,,,
,,,,,,,,,,,,,,,,,,,
,,,,,,,,,,,,,,,,,,,
,,,,,,,,,,,,,,,,,,,
,,,,,,,,,,,,,,,,,,,
,,,,,,,,,,,,,,,,,,,
,,,,,,,,,,,,,,,,,,,
,,,,,,,,,,,,,,,,,,,
,,,,,,,,,,,,,,,,,,,
,,,,,,,,,,,,,,,,,,,
,,,,,,,,,,,,,,,,,,,
,,,,,,,,,,,,,,,,,,,
,,,,,,,,,,,,,,,,,,,
,,,,,,,,,,,,,,,,,,,
,,,,,,,,,,,,,,,,,,,
,,,,,,,,,,,,,,,,,,,
,,,,,,,,,,,,,,,,,,,
,,,,,,,,,,,,,,,,,,,
,,,,,,,,,,,,,,,,,,,
,,,,,,,,,,,,,,,,,,,
,,,,,,,,,,,,,,,,,,,
,,,,,,,,,,,,,,,,,,,
,,,,,,,,,,,,,,,,,,,
,,,,,,,,,,,,,,,,,,,
,,,,,,,,,,,,,,,,,,,
,,,,,,,,,,,,,,,,,,,
,,,,,,,,,,,,,,,,,,,
,,,,,,,,,,,,,,,,,,,
,,,,,,,,,,,,,,,,,,,
,,,,,,,,,,,,,,,,,,,
,,,,,,,,,,,,,,,,,,,
,,,,,,,,,,,,,,,,,,,
,,,,,,,,,,,,,,,,,,,
,,,,,,,,,,,,,,,,,,,
,,,,,,,,,,,,,,,,,,,
,,,,,,,,,,,,,,,,,,,
,,,,,,,,,,,,,,,,,,,
,,,,,,,,,,,,,,,,,,,
,,,,,,,,,,,,,,,,,,,
,,,,,,,,,,,,,,,,,,,
,,,,,,,,,,,,,,,,,,,
,,,,,,,,,,,,,,,,,,,
,,,,,,,,,,,,,,,,,,,
,,,,,,,,,,,,,,,,,,,
,,,,,,,,,,,,,,,,,,,
,,,,,,,,,,,,,,,,,,,
,,,,,,,,,,,,,,,,,,,
,,,,,,,,,,,,,,,,,,,
,,,,,,,,,,,,,,,,,,,
,,,,,,,,,,,,,,,,,,,
,,,,,,,,,,,,,,,,,,,
,,,,,,,,,,,,,,,,,,,
,,,,,,,,,,,,,,,,,,,
,,,,,,,,,,,,,,,,,,,
,,,,,,,,,,,,,,,,,,,
,,,,,,,,,,,,,,,,,,,
,,,,,,,,,,,,,,,,,,,
,,,,,,,,,,,,,,,,,,,
,,,,,,,,,,,,,,,,,,,
,,,,,,,,,,,,,,,,,,,
,,,,,,,,,,,,,,,,,,,
,,,,,,,,,,,,,,,,,,,
,,,,,,,,,,,,,,,,,,,
,,,,,,,,,,,,,,,,,,,
,,,,,,,,,,,,,,,,,,,
,,,,,,,,,,,,,,,,,,,
,,,,,,,,,,,,,,,,,,,
,,,,,,,,,,,,,,,,,,,
,,,,,,,,,,,,,,,,,,,
,,,,,,,,,,,,,,,,,,,
,,,,,,,,,,,,,,,,,,,
,,,,,,,,,,,,,,,,,,,
,,,,,,,,,,,,,,,,,,,
,,,,,,,,,,,,,,,,,,,
,,,,,,,,,,,,,,,,,,,
,,,,,,,,,,,,,,,,,,,
,,,,,,,,,,,,,,,,,,,
,,,,,,,,,,,,,,,,,,,
,,,,,,,,,,,,,,,,,,,
,,,,,,,,,,,,,,,,,,,
,,,,,,,,,,,,,,,,,,,
,,,,,,,,,,,,,,,,,,,
,,,,,,,,,,,,,,,,,,,
,,,,,,,,,,,,,,,,,,,
,,,,,,,,,,,,,,,,,,,
,,,,,,,,,,,,,,,,,,,
,,,,,,,,,,,,,,,,,,,
,,,,,,,,,,,,,,,,,,,
,,,,,,,,,,,,,,,,,,,
,,,,,,,,,,,,,,,,,,,
,,,,,,,,,,,,,,,,,,,
,,,,,,,,,,,,,,,,,,,
,,,,,,,,,,,,,,,,,,,
,,,,,,,,,,,,,,,,,,,
,,,,,,,,,,,,,,,,,,,
,,,,,,,,,,,,,,,,,,,
,,,,,,,,,,,,,,,,,,,
,,,,,,,,,,,,,,,,,,,
,,,,,,,,,,,,,,,,,,,
,,,,,,,,,,,,,,,,,,,
,,,,,,,,,,,,,,,,,,,
,,,,,,,,,,,,,,,,,,,
,,,,,,,,,,,,,,,,,,,
,,,,,,,,,,,,,,,,,,,
,,,,,,,,,,,,,,,,,,,
,,,,,,,,,,,,,,,,,,,
,,,,,,,,,,,,,,,,,,,
,,,,,,,,,,,,,,,,,,,
,,,,,,,,,,,,,,,,,,,
,,,,,,,,,,,,,,,,,,,
,,,,,,,,,,,,,,,,,,,
,,,,,,,,,,,,,,,,,,,
,,,,,,,,,,,,,,,,,,,
,,,,,,,,,,,,,,,,,,,
,,,,,,,,,,,,,,,,,,,
,,,,,,,,,,,,,,,,,,,
,,,,,,,,,,,,,,,,,,,
,,,,,,,,,,,,,,,,,,,
,,,,,,,,,,,,,,,,,,,
,,,,,,,,,,,,,,,,,,,
,,,,,,,,,,,,,,,,,,,
,,,,,,,,,,,,,,,,,,,
,,,,,,,,,,,,,,,,,,,
,,,,,,,,,,,,,,,,,,,
,,,,,,,,,,,,,,,,,,,
,,,,,,,,,,,,,,,,,,,
,,,,,,,,,,,,,,,,,,,
,,,,,,,,,,,,,,,,,,,
,,,,,,,,,,,,,,,,,,,
,,,,,,,,,,,,,,,,,,,
,,,,,,,,,,,,,,,,,,,
,,,,,,,,,,,,,,,,,,,
,,,,,,,,,,,,,,,,,,,
,,,,,,,,,,,,,,,,,,,
,,,,,,,,,,,,,,,,,,,
,,,,,,,,,,,,,,,,,,,
,,,,,,,,,,,,,,,,,,,
,,,,,,,,,,,,,,,,,,,
,,,,,,,,,,,,,,,,,,,
,,,,,,,,,,,,,,,,,,,
,,,,,,,,,,,,,,,,,,,
,,,,,,,,,,,,,,,,,,,
,,,,,,,,,,,,,,,,,,,
,,,,,,,,,,,,,,,,,,,
,,,,,,,,,,,,,,,,,,,
,,,,,,,,,,,,,,,,,,,
,,,,,,,,,,,,,,,,,,,
,,,,,,,,,,,,,,,,,,,
,,,,,,,,,,,,,,,,,,,
,,,,,,,,,,,,,,,,,,,
,,,,,,,,,,,,,,,,,,,
,,,,,,,,,,,,,,,,,,,
,,,,,,,,,,,,,,,,,,,
,,,,,,,,,,,,,,,,,,,
,,,,,,,,,,,,,,,,,,,
,,,,,,,,,,,,,,,,,,,
,,,,,,,,,,,,,,,,,,,
,,,,,,,,,,,,,,,,,,,
,,,,,,,,,,,,,,,,,,,
,,,,,,,,,,,,,,,,,,,
,,,,,,,,,,,,,,,,,,,
,,,,,,,,,,,,,,,,,,,
,,,,,,,,,,,,,,,,,,,
,,,,,,,,,,,,,,,,,,,
,,,,,,,,,,,,,,,,,,,
,,,,,,,,,,,,,,,,,,,
,,,,,,,,,,,,,,,,,,,
,,,,,,,,,,,,,,,,,,,
,,,,,,,,,,,,,,,,,,,
,,,,,,,,,,,,,,,,,,,
,,,,,,,,,,,,,,,,,,,
,,,,,,,,,,,,,,,,,,,
,,,,,,,,,,,,,,,,,,,
,,,,,,,,,,,,,,,,,,,
,,,,,,,,,,,,,,,,,,,
,,,,,,,,,,,,,,,,,,,
,,,,,,,,,,,,,,,,,,,
,,,,,,,,,,,,,,,,,,,
,,,,,,,,,,,,,,,,,,,
,,,,,,,,,,,,,,,,,,,
,,,,,,,,,,,,,,,,,,,
,,,,,,,,,,,,,,,,,,,
,,,,,,,,,,,,,,,,,,,
,,,,,,,,,,,,,,,,,,,
,,,,,,,,,,,,,,,,,,,
,,,,,,,,,,,,,,,,,,,
,,,,,,,,,,,,,,,,,,,
,,,,,,,,,,,,,,,,,,,
,,,,,,,,,,,,,,,,,,,
,,,,,,,,,,,,,,,,,,,
,,,,,,,,,,,,,,,,,,,
,,,,,,,,,,,,,,,,,,,
,,,,,,,,,,,,,,,,,,,
,,,,,,,,,,,,,,,,,,,
,,,,,,,,,,,,,,,,,,,
,,,,,,,,,,,,,,,,,,,
,,,,,,,,,,,,,,,,,,,
,,,,,,,,,,,,,,,,,,,
,,,,,,,,,,,,,,,,,,,
,,,,,,,,,,,,,,,,,,,
,,,,,,,,,,,,,,,,,,,
,,,,,,,,,,,,,,,,,,,
,,,,,,,,,,,,,,,,,,,
,,,,,,,,,,,,,,,,,,,
,,,,,,,,,,,,,,,,,,,
,,,,,,,,,,,,,,,,,,,
,,,,,,,,,,,,,,,,,,,
,,,,,,,,,,,,,,,,,,,
,,,,,,,,,,,,,,,,,,,
,,,,,,,,,,,,,,,,,,,
,,,,,,,,,,,,,,,,,,,
,,,,,,,,,,,,,,,,,,,
,,,,,,,,,,,,,,,,,,,
,,,,,,,,,,,,,,,,,,,
,,,,,,,,,,,,,,,,,,,
,,,,,,,,,,,,,,,,,,,
,,,,,,,,,,,,,,,,,,,
,,,,,,,,,,,,,,,,,,,
,,,,,,,,,,,,,,,,,,,
,,,,,,,,,,,,,,,,,,,
,,,,,,,,,,,,,,,,,,,
,,,,,,,,,,,,,,,,,,,
,,,,,,,,,,,,,,,,,,,
,,,,,,,,,,,,,,,,,,,
,,,,,,,,,,,,,,,,,,,
,,,,,,,,,,,,,,,,,,,
,,,,,,,,,,,,,,,,,,,
,,,,,,,,,,,,,,,,,,,
,,,,,,,,,,,,,,,,,,,
,,,,,,,,,,,,,,,,,,,
,,,,,,,,,,,,,,,,,,,
,,,,,,,,,,,,,,,,,,,
,,,,,,,,,,,,,,,,,,,
,,,,,,,,,,,,,,,,,,,
,,,,,,,,,,,,,,,,,,,
,,,,,,,,,,,,,,,,,,,
,,,,,,,,,,,,,,,,,,,
,,,,,,,,,,,,,,,,,,,
,,,,,,,,,,,,,,,,,,,
,,,,,,,,,,,,,,,,,,,
,,,,,,,,,,,,,,,,,,,
,,,,,,,,,,,,,,,,,,,
,,,,,,,,,,,,,,,,,,,
,,,,,,,,,,,,,,,,,,,
,,,,,,,,,,,,,,,,,,,
,,,,,,,,,,,,,,,,,,,
,,,,,,,,,,,,,,,,,,,
,,,,,,,,,,,,,,,,,,,
,,,,,,,,,,,,,,,,,,,
,,,,,,,,,,,,,,,,,,,
,,,,,,,,,,,,,,,,,,,
,,,,,,,,,,,,,,,,,,,
,,,,,,,,,,,,,,,,,,,
,,,,,,,,,,,,,,,,,,,
,,,,,,,,,,,,,,,,,,,
,,,,,,,,,,,,,,,,,,,
,,,,,,,,,,,,,,,,,,,
,,,,,,,,,,,,,,,,,,,
,,,,,,,,,,,,,,,,,,,
,,,,,,,,,,,,,,,,,,,
,,,,,,,,,,,,,,,,,,,
,,,,,,,,,,,,,,,,,,,
,,,,,,,,,,,,,,,,,,,
,,,,,,,,,,,,,,,,,,,
,,,,,,,,,,,,,,,,,,,
,,,,,,,,,,,,,,,,,,,
,,,,,,,,,,,,,,,,,,,
,,,,,,,,,,,,,,,,,,,
,,,,,,,,,,,,,,,,,,,
,,,,,,,,,,,,,,,,,,,
,,,,,,,,,,,,,,,,,,,
,,,,,,,,,,,,,,,,,,,
,,,,,,,,,,,,,,,,,,,
,,,,,,,,,,,,,,,,,,,
,,,,,,,,,,,,,,,,,,,
,,,,,,,,,,,,,,,,,,,
,,,,,,,,,,,,,,,,,,,
,,,,,,,,,,,,,,,,,,,
,,,,,,,,,,,,,,,,,,,
,,,,,,,,,,,,,,,,,,,
,,,,,,,,,,,,,,,,,,,
,,,,,,,,,,,,,,,,,,,
,,,,,,,,,,,,,,,,,,,
,,,,,,,,,,,,,,,,,,,
,,,,,,,,,,,,,,,,,,,
,,,,,,,,,,,,,,,,,,,
,,,,,,,,,,,,,,,,,,,
,,,,,,,,,,,,,,,,,,,
,,,,,,,,,,,,,,,,,,,
,,,,,,,,,,,,,,,,,,,
,,,,,,,,,,,,,,,,,,,
,,,,,,,,,,,,,,,,,,,
,,,,,,,,,,,,,,,,,,,
,,,,,,,,,,,,,,,,,,,
,,,,,,,,,,,,,,,,,,,
,,,,,,,,,,,,,,,,,,,
,,,,,,,,,,,,,,,,,,,
,,,,,,,,,,,,,,,,,,,
,,,,,,,,,,,,,,,,,,,
,,,,,,,,,,,,,,,,,,,
,,,,,,,,,,,,,,,,,,,
,,,,,,,,,,,,,,,,,,,
,,,,,,,,,,,,,,,,,,,
,,,,,,,,,,,,,,,,,,,
,,,,,,,,,,,,,,,,,,,
,,,,,,,,,,,,,,,,,,,
,,,,,,,,,,,,,,,,,,,
,,,,,,,,,,,,,,,,,,,
,,,,,,,,,,,,,,,,,,,
,,,,,,,,,,,,,,,,,,,
,,,,,,,,,,,,,,,,,,,
,,,,,,,,,,,,,,,,,,,
,,,,,,,,,,,,,,,,,,,
,,,,,,,,,,,,,,,,,,,
,,,,,,,,,,,,,,,,,,,
,,,,,,,,,,,,,,,,,,,
,,,,,,,,,,,,,,,,,,,
,,,,,,,,,,,,,,,,,,,
,,,,,,,,,,,,,,,,,,,
,,,,,,,,,,,,,,,,,,,
,,,,,,,,,,,,,,,,,,,
,,,,,,,,,,,,,,,,,,,
,,,,,,,,,,,,,,,,,,,
,,,,,,,,,,,,,,,,,,,
,,,,,,,,,,,,,,,,,,,
,,,,,,,,,,,,,,,,,,,
,,,,,,,,,,,,,,,,,,,
,,,,,,,,,,,,,,,,,,,
,,,,,,,,,,,,,,,,,,,
,,,,,,,,,,,,,,,,,,,
,,,,,,,,,,,,,,,,,,,
,,,,,,,,,,,,,,,,,,,
,,,,,,,,,,,,,,,,,,,
,,,,,,,,,,,,,,,,,,,
,,,,,,,,,,,,,,,,,,,
,,,,,,,,,,,,,,,,,,,
,,,,,,,,,,,,,,,,,,,
,,,,,,,,,,,,,,,,,,,
,,,,,,,,,,,,,,,,,,,
,,,,,,,,,,,,,,,,,,,
,,,,,,,,,,,,,,,,,,,
,,,,,,,,,,,,,,,,,,,
,,,,,,,,,,,,,,,,,,,
,,,,,,,,,,,,,,,,,,,
,,,,,,,,,,,,,,,,,,,
,,,,,,,,,,,,,,,,,,,
,,,,,,,,,,,,,,,,,,,
,,,,,,,,,,,,,,,,,,,
,,,,,,,,,,,,,,,,,,,
,,,,,,,,,,,,,,,,,,,
,,,,,,,,,,,,,,,,,,,
,,,,,,,,,,,,,,,,,,,
,,,,,,,,,,,,,,,,,,,
,,,,,,,,,,,,,,,,,,,
,,,,,,,,,,,,,,,,,,,
,,,,,,,,,,,,,,,,,,,
,,,,,,,,,,,,,,,,,,,
,,,,,,,,,,,,,,,,,,,
,,,,,,,,,,,,,,,,,,,
,,,,,,,,,,,,,,,,,,,
,,,,,,,,,,,,,,,,,,,
,,,,,,,,,,,,,,,,,,,
,,,,,,,,,,,,,,,,,,,
,,,,,,,,,,,,,,,,,,,
,,,,,,,,,,,,,,,,,,,
,,,,,,,,,,,,,,,,,,,
,,,,,,,,,,,,,,,,,,,
,,,,,,,,,,,,,,,,,,,
,,,,,,,,,,,,,,,,,,,
,,,,,,,,,,,,,,,,,,,
,,,,,,,,,,,,,,,,,,,
,,,,,,,,,,,,,,,,,,,
,,,,,,,,,,,,,,,,,,,
,,,,,,,,,,,,,,,,,,,
,,,,,,,,,,,,,,,,,,,
,,,,,,,,,,,,,,,,,,,
,,,,,,,,,,,,,,,,,,,
,,,,,,,,,,,,,,,,,,,
,,,,,,,,,,,,,,,,,,,
,,,,,,,,,,,,,,,,,,,
,,,,,,,,,,,,,,,,,,,
,,,,,,,,,,,,,,,,,,,
,,,,,,,,,,,,,,,,,,,
,,,,,,,,,,,,,,,,,,,
,,,,,,,,,,,,,,,,,,,
,,,,,,,,,,,,,,,,,,,
,,,,,,,,,,,,,,,,,,,
,,,,,,,,,,,,,,,,,,,
,,,,,,,,,,,,,,,,,,,
,,,,,,,,,,,,,,,,,,,
,,,,,,,,,,,,,,,,,,,
,,,,,,,,,,,,,,,,,,,
,,,,,,,,,,,,,,,,,,,
,,,,,,,,,,,,,,,,,,,
,,,,,,,,,,,,,,,,,,,
,,,,,,,,,,,,,,,,,,,
,,,,,,,,,,,,,,,,,,,
,,,,,,,,,,,,,,,,,,,
,,,,,,,,,,,,,,,,,,,
,,,,,,,,,,,,,,,,,,,
,,,,,,,,,,,,,,,,,,,
,,,,,,,,,,,,,,,,,,,
,,,,,,,,,,,,,,,,,,,
,,,,,,,,,,,,,,,,,,,
,,,,,,,,,,,,,,,,,,,
,,,,,,,,,,,,,,,,,,,
,,,,,,,,,,,,,,,,,,,
,,,,,,,,,,,,,,,,,,,
,,,,,,,,,,,,,,,,,,,
,,,,,,,,,,,,,,,,,,,
,,,,,,,,,,,,,,,,,,,
,,,,,,,,,,,,,,,,,,,
,,,,,,,,,,,,,,,,,,,
,,,,,,,,,,,,,,,,,,,
,,,,,,,,,,,,,,,,,,,
,,,,,,,,,,,,,,,,,,,
,,,,,,,,,,,,,,,,,,,
,,,,,,,,,,,,,,,,,,,
,,,,,,,,,,,,,,,,,,,
,,,,,,,,,,,,,,,,,,,
,,,,,,,,,,,,,,,,,,,
,,,,,,,,,,,,,,,,,,,
,,,,,,,,,,,,,,,,,,,
,,,,,,,,,,,,,,,,,,,
,,,,,,,,,,,,,,,,,,,
,,,,,,,,,,,,,,,,,,,
,,,,,,,,,,,,,,,,,,,
,,,,,,,,,,,,,,,,,,,
,,,,,,,,,,,,,,,,,,,
,,,,,,,,,,,,,,,,,,,
,,,,,,,,,,,,,,,,,,,
,,,,,,,,,,,,,,,,,,,
,,,,,,,,,,,,,,,,,,,
,,,,,,,,,,,,,,,,,,,
,,,,,,,,,,,,,,,,,,,
,,,,,,,,,,,,,,,,,,,
,,,,,,,,,,,,,,,,,,,
,,,,,,,,,,,,,,,,,,,
,,,,,,,,,,,,,,,,,,,
,,,,,,,,,,,,,,,,,,,
,,,,,,,,,,,,,,,,,,,
,,,,,,,,,,,,,,,,,,,
,,,,,,,,,,,,,,,,,,,
,,,,,,,,,,,,,,,,,,,
,,,,,,,,,,,,,,,,,,,
,,,,,,,,,,,,,,,,,,,
,,,,,,,,,,,,,,,,,,,
,,,,,,,,,,,,,,,,,,,
,,,,,,,,,,,,,,,,,,,
,,,,,,,,,,,,,,,,,,,
,,,,,,,,,,,,,,,,,,,
,,,,,,,,,,,,,,,,,,,
,,,,,,,,,,,,,,,,,,,
,,,,,,,,,,,,,,,,,,,
,,,,,,,,,,,,,,,,,,,
,,,,,,,,,,,,,,,,,,,
,,,,,,,,,,,,,,,,,,,
,,,,,,,,,,,,,,,,,,,
,,,,,,,,,,,,,,,,,,,
,,,,,,,,,,,,,,,,,,,
,,,,,,,,,,,,,,,,,,,
,,,,,,,,,,,,,,,,,,,
,,,,,,,,,,,,,,,,,,,
,,,,,,,,,,,,,,,,,,,
,,,,,,,,,,,,,,,,,,,
,,,,,,,,,,,,,,,,,,,
,,,,,,,,,,,,,,,,,,,
,,,,,,,,,,,,,,,,,,,
,,,,,,,,,,,,,,,,,,,
,,,,,,,,,,,,,,,,,,,
,,,,,,,,,,,,,,,,,,,
,,,,,,,,,,,,,,,,,,,
,,,,,,,,,,,,,,,,,,,
,,,,,,,,,,,,,,,,,,,
,,,,,,,,,,,,,,,,,,,
,,,,,,,,,,,,,,,,,,,
,,,,,,,,,,,,,,,,,,,
,,,,,,,,,,,,,,,,,,,
,,,,,,,,,,,,,,,,,,,
,,,,,,,,,,,,,,,,,,,
,,,,,,,,,,,,,,,,,,,
,,,,,,,,,,,,,,,,,,,
